-- phpMyAdmin SQL Dump
-- version 5.0.2
-- https://www.phpmyadmin.net/
--
-- Hôte : 127.0.0.1:3306
-- Généré le : ven. 07 mai 2021 à 14:18
-- Version du serveur :  8.0.21
-- Version de PHP : 7.3.21

SET SQL_MODE = "NO_AUTO_VALUE_ON_ZERO";
START TRANSACTION;
SET time_zone = "+00:00";


/*!40101 SET @OLD_CHARACTER_SET_CLIENT=@@CHARACTER_SET_CLIENT */;
/*!40101 SET @OLD_CHARACTER_SET_RESULTS=@@CHARACTER_SET_RESULTS */;
/*!40101 SET @OLD_COLLATION_CONNECTION=@@COLLATION_CONNECTION */;
/*!40101 SET NAMES utf8mb4 */;

--
-- Base de données : `bdd_hotel`
--

-- --------------------------------------------------------

--
-- Structure de la table `archive`
--

DROP TABLE IF EXISTS `archive`;
CREATE TABLE IF NOT EXISTS `archive` (
  `ID_archive` int NOT NULL AUTO_INCREMENT,
  `date_archive` datetime NOT NULL DEFAULT CURRENT_TIMESTAMP,
  `etat_archive` tinyint(1) NOT NULL,
  PRIMARY KEY (`ID_archive`)
) ENGINE=InnoDB AUTO_INCREMENT=73 DEFAULT CHARSET=utf8;

--
-- Déchargement des données de la table `archive`
--

INSERT INTO `archive` (`ID_archive`, `date_archive`, `etat_archive`) VALUES
(1, '2021-05-03 09:17:14', 0),
(2, '2021-05-03 09:17:24', 0),
(3, '2021-05-03 09:20:50', 0),
(4, '2021-05-03 09:20:52', 0),
(5, '2021-05-03 09:50:31', 0),
(6, '2021-05-03 10:12:54', 0),
(7, '2021-05-03 14:50:51', 0),
(8, '2021-05-03 14:51:43', 0),
(15, '2021-05-04 11:16:36', 0),
(16, '2021-05-04 11:26:24', 0),
(17, '2021-05-04 11:26:51', 0),
(18, '2021-05-05 08:34:55', 0),
(19, '2021-05-05 08:35:58', 0),
(20, '2021-05-05 08:38:23', 0),
(21, '2021-05-05 08:43:39', 0),
(22, '2021-05-05 08:45:55', 0),
(23, '2021-05-05 08:54:18', 0),
(24, '2021-05-05 08:54:49', 0),
(25, '2021-05-05 08:59:25', 0),
(26, '2021-05-05 09:01:50', 0),
(27, '2021-05-05 09:02:49', 0),
(28, '2021-05-05 09:02:59', 0),
(29, '2021-05-05 09:12:51', 0),
(30, '2021-05-05 09:14:27', 0),
(31, '2021-05-05 09:16:49', 0),
(32, '2021-05-05 09:17:51', 0),
(33, '2021-05-05 09:24:06', 0),
(34, '2021-05-05 09:28:25', 0),
(35, '2021-05-05 09:29:47', 0),
(36, '2021-05-05 09:30:05', 0),
(37, '2021-05-05 09:31:08', 0),
(38, '2021-05-05 09:31:20', 0),
(39, '2021-05-05 09:32:03', 0),
(40, '2021-05-05 09:33:21', 0),
(41, '2021-05-05 09:35:55', 0),
(42, '2021-05-05 09:37:52', 0),
(43, '2021-05-05 09:39:48', 0),
(44, '2021-05-05 09:41:45', 0),
(45, '2021-05-05 09:48:14', 0),
(46, '2021-05-05 09:48:47', 0),
(47, '2021-05-05 09:49:37', 0),
(48, '2021-05-05 09:50:27', 0),
(49, '2021-05-05 09:50:49', 0),
(50, '2021-05-05 10:01:21', 0),
(51, '2021-05-05 10:01:49', 0),
(52, '2021-05-05 10:03:03', 0),
(53, '2021-05-05 10:03:08', 0),
(54, '2021-05-05 10:03:59', 0),
(55, '2021-05-05 10:07:17', 0),
(56, '2021-05-05 10:07:56', 0),
(57, '2021-05-05 10:08:46', 0),
(58, '2021-05-05 10:09:03', 0),
(59, '2021-05-05 10:10:21', 0),
(60, '2021-05-05 10:11:09', 0),
(61, '2021-05-05 10:11:33', 0),
(62, '2021-05-05 11:02:00', 0),
(63, '2021-05-05 11:07:56', 0),
(64, '2021-05-05 11:08:48', 0),
(65, '2021-05-05 11:09:30', 0),
(66, '2021-05-05 11:12:56', 0),
(67, '2021-05-05 11:40:54', 0),
(68, '2021-05-05 11:41:55', 0),
(69, '2021-05-05 11:51:22', 0),
(70, '2021-05-07 00:07:47', 0),
(71, '2021-05-07 00:14:21', 0),
(72, '2021-05-07 08:24:53', 1);

-- --------------------------------------------------------

--
-- Structure de la table `cardex`
--

DROP TABLE IF EXISTS `cardex`;
CREATE TABLE IF NOT EXISTS `cardex` (
  `ID_cardex` int NOT NULL AUTO_INCREMENT,
  `date_naissance` date NOT NULL,
  `lieu_naissance` varchar(50) NOT NULL,
  `pere_client` varchar(50) NOT NULL,
  `mere_client` varchar(50) NOT NULL,
  `profession` varchar(50) NOT NULL,
  `domicile_habituel` varchar(35) NOT NULL,
  `nationalite` varchar(20) NOT NULL,
  `piece_identite` varchar(20) NOT NULL,
  `num_piece_identite` varchar(25) NOT NULL,
  `date_delivrance` date NOT NULL,
  `lieu_delivrance` varchar(50) NOT NULL,
  `date_fin_validite` date NOT NULL,
  `ID_client` int NOT NULL,
  `etat_cardex` tinyint(1) NOT NULL,
  PRIMARY KEY (`ID_cardex`),
  KEY `ID_client` (`ID_client`)
) ENGINE=InnoDB AUTO_INCREMENT=23 DEFAULT CHARSET=utf8;

--
-- Déchargement des données de la table `cardex`
--

INSERT INTO `cardex` (`ID_cardex`, `date_naissance`, `lieu_naissance`, `pere_client`, `mere_client`, `profession`, `domicile_habituel`, `nationalite`, `piece_identite`, `num_piece_identite`, `date_delivrance`, `lieu_delivrance`, `date_fin_validite`, `ID_client`, `etat_cardex`) VALUES
(1, '2021-04-14', '', '', '', '', '', '', '', '', '0000-00-00', '', '0000-00-00', 80, 1),
(2, '0000-00-00', '', '', '', '', '', '', '', '', '0000-00-00', '', '0000-00-00', 102, 0),
(3, '0000-00-00', '', '', '', '', '', '', '', '', '0000-00-00', '', '0000-00-00', 104, 0),
(4, '1998-02-20', 'Merc', 'Morc', 'Mirc', 'Etudiant', 'La cité', 'Malagasy', 'CIN', '30115949664946121', '2016-06-16', 'WeK', '2021-04-30', 105, 1),
(5, '1999-02-12', 'Tam', 'Kobe', 'Kiba', 'Au DD', 'Paname', 'Terrien', 'Navigo', '611', '2007-11-03', 'Pom', '2024-12-31', 106, 0),
(6, '0000-00-00', '', '', '', '', '', '', '', '', '0000-00-00', '', '0000-00-00', 107, 0),
(7, '0000-00-00', '', '', '', '', '', '', '', '', '0000-00-00', '', '0000-00-00', 108, 0),
(8, '0000-00-00', '', '', '', '', '', '', '', '', '0000-00-00', '', '0000-00-00', 109, 0),
(9, '0000-00-00', '', '', '', '', '', '', '', '', '0000-00-00', '', '0000-00-00', 110, 0),
(10, '0000-00-00', '', '', '', '', '', '', '', '', '0000-00-00', '', '0000-00-00', 111, 0),
(11, '0000-00-00', '', '', '', '', '', '', '', '', '0000-00-00', '', '0000-00-00', 112, 0),
(12, '0000-00-00', '', '', '', '', '', '', '', '', '0000-00-00', '', '0000-00-00', 113, 0),
(14, '0000-00-00', '', '', '', '', '', '', '', '', '0000-00-00', '', '0000-00-00', 115, 0),
(15, '0000-00-00', '', '', '', '', '', '', '', '', '0000-00-00', '', '0000-00-00', 116, 0),
(16, '2021-04-29', '', '', '', '', '', '', '', '', '0000-00-00', '', '0000-00-00', 117, 1),
(17, '0000-00-00', '', '', '', '', '', '', '', '', '0000-00-00', '', '0000-00-00', 118, 1),
(18, '0000-00-00', '', '', '', '', '', '', '', '', '0000-00-00', '', '0000-00-00', 119, 0),
(19, '0000-00-00', '', '', '', '', '', '', '', '', '0000-00-00', '', '0000-00-00', 124, 0),
(20, '0000-00-00', '', '', '', '', '', '', '', '', '0000-00-00', '', '0000-00-00', 126, 0),
(21, '0000-00-00', '', '', '', '', '', '', '', '', '0000-00-00', '', '0000-00-00', 127, 0),
(22, '0000-00-00', '', '', '', '', '', '', '', '', '0000-00-00', '', '0000-00-00', 128, 0);

-- --------------------------------------------------------

--
-- Structure de la table `chambre`
--

DROP TABLE IF EXISTS `chambre`;
CREATE TABLE IF NOT EXISTS `chambre` (
  `ID_chambre` int NOT NULL AUTO_INCREMENT,
  `statut_chambre` tinytext NOT NULL,
  `tarif_temp` int NOT NULL,
  `tarif_ancien` int NOT NULL,
  `description_chambre` text NOT NULL,
  PRIMARY KEY (`ID_chambre`)
) ENGINE=InnoDB AUTO_INCREMENT=55 DEFAULT CHARSET=utf8;

--
-- Déchargement des données de la table `chambre`
--

INSERT INTO `chambre` (`ID_chambre`, `statut_chambre`, `tarif_temp`, `tarif_ancien`, `description_chambre`) VALUES
(1, 'Libre', 0, 150, 'TEST 1111'),
(2, 'Libre', 0, 500, 'Test'),
(3, 'Libre', 0, 10, 'Looks good'),
(5, 'Occupée', 0, 750, ''),
(6, 'Libre', 0, 0, ''),
(7, 'Occupée', 0, 0, ''),
(8, 'Occupée', 500, 0, ''),
(9, 'Occupée', 0, 0, ''),
(10, 'Libre', 0, 0, ''),
(11, 'En attente', 0, 0, ''),
(12, 'Occupée', 0, 0, ''),
(13, 'Occupée', 0, 0, ''),
(14, 'En attente', 0, 0, ''),
(17, 'Occupée', 0, 0, ''),
(19, 'Occupée', 0, 0, ''),
(20, 'En attente', 0, 0, ''),
(21, 'Libre', 0, 0, ''),
(22, 'Libre', 0, 0, ''),
(23, 'Occupée', 0, 0, ''),
(24, 'Occupée', 0, 0, ''),
(25, 'En attente', 0, 0, ''),
(26, 'Occupée', 0, 0, ''),
(27, 'En attente', 0, 0, ''),
(28, 'Libre', 0, 0, 'Un test d\'ajout'),
(29, 'En attente', 0, 0, 'Second test d\'ajout'),
(30, 'Libre', 0, 0, '3eme test'),
(31, 'Libre', 0, 0, 'Test num 4'),
(32, 'En attente', 0, 0, 'Test num 5'),
(33, 'Libre', 0, 0, 'Test num 6'),
(34, 'Libre', 0, 0, 'Choppppp'),
(35, 'Libre', 0, 0, 'Numero 7'),
(36, 'Libre', 0, 0, 'Numero 8'),
(37, 'Libre', 0, 0, 'Numero 9'),
(38, 'Libre', 0, 0, 'Numero 10'),
(39, 'Libre', 0, 111, 'Numero 11'),
(40, 'Libre', 0, 500, 'Solution'),
(41, 'Libre', 0, 478, 'Numero 12'),
(47, 'Libre', 0, 256, 'Lost my time on this features'),
(48, 'Libre', 0, 741, 'Ikr'),
(49, 'Libre', 0, 789, 'I see'),
(50, 'Occupée', 0, 1200, 'Just wanna sleep'),
(51, 'En attente', 0, 750, 'GG'),
(53, 'En attente', 0, 112, 'Wake me up'),
(54, 'Libre', 0, 654, 'Road');

-- --------------------------------------------------------

--
-- Structure de la table `client`
--

DROP TABLE IF EXISTS `client`;
CREATE TABLE IF NOT EXISTS `client` (
  `ID_client` int NOT NULL AUTO_INCREMENT,
  `nom_client` varchar(30) NOT NULL,
  `prenom_client` varchar(50) NOT NULL,
  `telephone_client` tinytext NOT NULL,
  PRIMARY KEY (`ID_client`)
) ENGINE=InnoDB AUTO_INCREMENT=129 DEFAULT CHARSET=utf8;

--
-- Déchargement des données de la table `client`
--

INSERT INTO `client` (`ID_client`, `nom_client`, `prenom_client`, `telephone_client`) VALUES
(1, 'Levi', 'Love', '+1 (859) 439-7652'),
(2, 'Jinx', 'Jinx', '888'),
(8, 'One', 'Punch', ''),
(10, 'Homer', 'Simpson', ''),
(11, 'Luffy', 'Mugi', ''),
(12, 'Kal', 'Cool', ''),
(16, 'Rem dolore quaerat a', 'Dolorum sed sint mi', ''),
(17, 'Animi sit aliqua ', 'Nostrum a ullam elit', ''),
(19, 'bbbbb', 'bbbbb', ''),
(20, 'Bonne', 'Nuit', ''),
(21, 'Bon', 'Jour', ''),
(22, 'GGG', 'EZZZ', ''),
(23, 'alive', 'yeah', ''),
(24, 'yessss', 'noooo', ''),
(26, 'zfzfa', 'fzefze', ''),
(28, 'FISHHH', 'TIGERR', ''),
(29, 'Last', 'Jedi', ''),
(30, 'zfzfz', 'fegzee', ''),
(31, 'GGGG', 'EZZZZZ', ''),
(32, 'JIMMM', 'Tresss', ''),
(33, 'AZAEA', 'azzfe', ''),
(34, 'skflsjfsf', 'ffkmjefef', ''),
(35, 'zfzfzf', 'fezfeff', ''),
(36, 'zfzfzfzfzff', 'fezfeff', ''),
(37, 'zfzfzfzfzff', 'fezfeff', ''),
(38, 'rrrrrrrrr&', 'feefeef', ''),
(39, 'fzggee', 'efefefe', ''),
(40, 'Test', 'Reset', ''),
(43, 'Vin', 'Sanji', ''),
(45, 'Armin', 'Arlet', ''),
(50, 'dgsdgds', 'jtjtrtr', '+1 (879) 988-8287'),
(51, 'dggr', 'ehehe', ''),
(52, '96666', 'Nyan', ''),
(53, 'Homz', 'land', ''),
(56, 'fzfzfzzzz', 'fegegegerg', ''),
(57, 'Kali', 'Linux', ''),
(58, 'Arsh', 'Jinnn', ''),
(59, 'Kylian', 'Mbappe', ''),
(60, 'Alex', 'Caruso', ''),
(61, 'Tray', 'Young', ''),
(62, 'Bob', 'Marley', '+1 (211) 603-6114'),
(63, 'Pre', 'Malone', '+1 (301) 586-3997'),
(64, 'Bron', 'Bronny', ''),
(67, 'Jaaaam', 'Rooock', ''),
(68, 'Tom', 'Hanks', '+1 (917) 964-9389'),
(69, 'fgege', 'zfeege', ''),
(70, 'zefjele', 'pjegepgzeg', ''),
(72, 'erregerge', 'gegergg', ''),
(73, 'Rachel', 'Mendes', '+1 (911) 472-9306'),
(76, 'zgjekmgj', 'fkfeef', ''),
(77, 'Jimbo', 'Chum', ''),
(79, 'Orion', 'Star', '+1 (639) 525-2201'),
(80, 'Bran', 'Oui', '+1 (639) 525-2201'),
(81, 'Jerry', 'Holmes', '+1 (639) 525-2201'),
(82, 'Basta', 'Puma', '+1 (911) 472-9306'),
(84, 'Gun', 'B', '+1 (324) 236-9796'),
(86, 'Yo', 'Yeah', '+1 (405) 479-6273'),
(88, 'Mac', 'Book', '48464'),
(92, 'grgr', 'rrrr', '56'),
(93, 'Yuuu', 'gggg', '+1 (911) 472-9306'),
(94, 'Bugs', 'Bunny', '1324567'),
(95, 'USH', 'MASH', '789'),
(96, 'Cardi', 'Ex', ''),
(97, 'Cardio', 'Pop', ''),
(98, 'Rom', 'Ram', ''),
(99, 'Tsunami', 'Bra', ''),
(102, 'Dua', 'Lipa', ''),
(104, 'Rome', 'Toma', '321548'),
(105, 'Marc', 'Murc', '+1 (324) 236-9796'),
(106, 'Koba', 'La D', '78945'),
(107, 'Ma', 'Guy', '0320012399'),
(108, 'Jon', 'Bovin', '987'),
(110, 'Kra', 'Tos', '4567'),
(111, 'Steve', 'Brad', '45687'),
(112, 'Khalid', 'Wiz', '147'),
(113, 'Eva', 'Ivo', '15916'),
(116, 'Kata', 'Kama', '456498'),
(117, 'Gia', 'Der', '+1 (911) 472-9306'),
(118, 'Seth', 'Carl', '56484848'),
(119, 'Mik', 'Red', '2191191981'),
(120, 'Ico', 'Ne', '4564489'),
(121, 'Kyle', 'Ub', '+1 (639) 525-2201'),
(122, 'Tony', 'Montanna', '667'),
(123, 'Alive', 'Man', '7456'),
(124, 'Alive', 'Man', '7456'),
(127, 'Aero', 'Smith', '1564651'),
(128, 'Carlo', 'Squid', '198419');

-- --------------------------------------------------------

--
-- Structure de la table `concerner`
--

DROP TABLE IF EXISTS `concerner`;
CREATE TABLE IF NOT EXISTS `concerner` (
  `ID_chambre` int NOT NULL,
  `ID_planning` int NOT NULL,
  `ID_archive` int NOT NULL,
  `lit_sup` int NOT NULL,
  `tarif_lit_sup` int NOT NULL,
  PRIMARY KEY (`ID_chambre`,`ID_planning`,`ID_archive`) USING BTREE
) ENGINE=InnoDB DEFAULT CHARSET=utf8;

--
-- Déchargement des données de la table `concerner`
--

INSERT INTO `concerner` (`ID_chambre`, `ID_planning`, `ID_archive`, `lit_sup`, `tarif_lit_sup`) VALUES
(1, 45, 8, 0, 0),
(1, 74, 8, 1, 320),
(1, 82, 66, 0, 0),
(2, 45, 8, 0, 0),
(2, 57, 8, 0, 0),
(2, 58, 8, 0, 0),
(2, 64, 8, 0, 0),
(2, 71, 8, 0, 0),
(2, 87, 69, 0, 0),
(4, 66, 8, 0, 0),
(5, 73, 8, 0, 0),
(6, 13, 8, 0, 0),
(6, 45, 8, 0, 0),
(6, 72, 8, 0, 0),
(7, 6, 8, 0, 0),
(7, 65, 8, 3, 100),
(7, 74, 8, 1, 50),
(7, 75, 8, 0, 0),
(8, 65, 8, 4, 100),
(8, 81, 17, 0, 0),
(9, 69, 8, 0, 0),
(9, 88, 69, 0, 0),
(10, 53, 8, 0, 0),
(10, 73, 8, 0, 0),
(10, 81, 17, 3, 630),
(11, 52, 8, 0, 0),
(11, 74, 8, 0, 0),
(12, 87, 69, 0, 0),
(13, 6, 8, 0, 0),
(13, 86, 69, 0, 0),
(15, 53, 8, 0, 0),
(15, 77, 8, 0, 0),
(15, 89, 69, 0, 0),
(16, 54, 8, 0, 0),
(17, 9, 8, 0, 0),
(18, 81, 17, 0, 0),
(20, 89, 69, 0, 0),
(21, 6, 8, 0, 0),
(22, 54, 8, 0, 0),
(23, 6, 8, 0, 0),
(25, 89, 69, 0, 0);

-- --------------------------------------------------------

--
-- Structure de la table `connexion`
--

DROP TABLE IF EXISTS `connexion`;
CREATE TABLE IF NOT EXISTS `connexion` (
  `ID_connexion` int NOT NULL AUTO_INCREMENT,
  `date_connexion` datetime NOT NULL DEFAULT CURRENT_TIMESTAMP,
  `date_deconnexion` datetime NOT NULL DEFAULT CURRENT_TIMESTAMP ON UPDATE CURRENT_TIMESTAMP,
  `ID_user` int NOT NULL,
  `etat_connexion` tinyint(1) NOT NULL,
  PRIMARY KEY (`ID_connexion`),
  KEY `ID_user` (`ID_user`)
) ENGINE=InnoDB AUTO_INCREMENT=189 DEFAULT CHARSET=utf8;

--
-- Déchargement des données de la table `connexion`
--

INSERT INTO `connexion` (`ID_connexion`, `date_connexion`, `ID_user`, `etat_connexion`) VALUES
(1, '2021-04-11 10:57:02', 1, 0),
(2, '2021-04-11 11:09:17', 1, 0),
(4, '2021-04-11 11:13:29', 1, 0),
(5, '2021-04-11 11:13:45', 1, 0),
(6, '2021-04-11 11:25:23', 1, 0),
(8, '2021-04-11 12:46:29', 1, 0),
(9, '2021-04-11 12:59:54', 1, 0),
(10, '2021-04-11 14:30:04', 1, 1),
(11, '2021-04-11 14:48:22', 1, 0),
(13, '2021-04-11 16:04:04', 1, 0),
(14, '2021-04-11 16:15:45', 1, 0),
(15, '2021-04-11 16:29:53', 1, 0),
(16, '2021-04-11 16:32:29', 1, 0),
(17, '2021-04-11 16:32:43', 1, 1),
(18, '2021-04-11 16:36:53', 1, 1),
(19, '2021-04-11 16:45:57', 1, 1),
(20, '2021-04-11 20:57:36', 1, 1),
(21, '2021-04-11 23:26:42', 1, 1),
(22, '2021-04-12 08:31:39', 1, 0),
(23, '2021-04-12 08:59:13', 1, 0),
(24, '2021-04-12 09:40:15', 1, 0),
(31, '2021-04-12 10:59:21', 1, 0),
(32, '2021-04-12 11:12:41', 1, 1),
(33, '2021-04-12 14:14:39', 1, 1),
(34, '2021-04-13 08:24:41', 1, 1),
(35, '2021-04-13 08:49:10', 1, 0),
(36, '2021-04-13 11:48:53', 1, 1),
(37, '2021-04-13 11:53:35', 1, 1),
(38, '2021-04-13 11:59:06', 1, 1),
(39, '2021-04-13 14:16:17', 1, 1),
(40, '2021-04-13 14:16:56', 1, 1),
(41, '2021-04-13 16:16:52', 1, 1),
(42, '2021-04-13 16:24:51', 1, 0),
(43, '2021-04-13 16:48:22', 1, 0),
(44, '2021-04-13 16:51:37', 1, 0),
(45, '2021-04-13 17:06:22', 1, 0),
(46, '2021-04-13 17:26:25', 1, 1),
(47, '2021-04-13 19:30:01', 1, 1),
(48, '2021-04-14 08:18:27', 1, 0),
(49, '2021-04-14 10:58:31', 1, 0),
(51, '2021-04-14 11:04:29', 1, 0),
(52, '2021-04-14 11:10:38', 46, 0),
(53, '2021-04-14 11:10:48', 1, 0),
(54, '2021-04-14 11:15:29', 49, 0),
(55, '2021-04-14 11:15:50', 1, 0),
(56, '2021-04-14 14:23:05', 1, 0),
(57, '2021-04-14 14:33:08', 1, 0),
(58, '2021-04-14 14:33:27', 50, 0),
(59, '2021-04-14 16:28:52', 1, 0),
(60, '2021-04-15 08:18:51', 1, 0),
(61, '2021-04-15 08:26:02', 1, 0),
(62, '2021-04-15 10:39:13', 1, 0),
(63, '2021-04-15 10:43:09', 1, 0),
(64, '2021-04-15 14:25:02', 1, 0),
(65, '2021-04-16 08:17:51', 1, 0),
(66, '2021-04-16 09:32:34', 1, 0),
(67, '2021-04-16 09:42:27', 1, 1),
(68, '2021-04-16 11:52:27', 1, 1),
(69, '2021-04-16 14:18:03', 1, 0),
(70, '2021-04-16 15:39:50', 1, 0),
(71, '2021-04-16 17:32:23', 1, 1),
(72, '2021-04-17 09:16:53', 1, 0),
(73, '2021-04-17 09:51:30', 1, 1),
(74, '2021-04-19 08:15:24', 1, 1),
(75, '2021-04-19 09:17:51', 1, 1),
(76, '2021-04-19 10:05:56', 1, 1),
(77, '2021-04-19 10:21:15', 1, 1),
(78, '2021-04-20 08:16:34', 1, 0),
(79, '2021-04-20 09:50:11', 8, 0),
(80, '2021-04-20 09:50:48', 22, 0),
(81, '2021-04-20 09:51:26', 8, 0),
(82, '2021-04-20 10:07:25', 11, 0),
(83, '2021-04-20 10:07:36', 22, 0),
(84, '2021-04-20 10:10:06', 11, 0),
(85, '2021-04-20 10:10:21', 22, 0),
(86, '2021-04-20 10:11:17', 22, 0),
(87, '2021-04-20 10:11:28', 1, 0),
(88, '2021-04-20 10:12:01', 1, 1),
(89, '2021-04-20 11:27:01', 1, 0),
(90, '2021-04-20 14:15:11', 1, 1),
(91, '2021-04-21 08:24:05', 1, 0),
(92, '2021-04-21 09:55:53', 22, 1),
(93, '2021-04-21 14:20:03', 1, 0),
(94, '2021-04-21 16:50:07', 1, 1),
(95, '2021-04-22 08:58:02', 1, 0),
(96, '2021-04-22 09:13:06', 5, 0),
(97, '2021-04-22 09:13:26', 1, 0),
(98, '2021-04-22 09:13:49', 5, 1),
(99, '2021-04-22 09:14:25', 1, 1),
(100, '2021-04-22 14:14:50', 1, 1),
(101, '2021-04-22 15:18:29', 1, 1),
(102, '2021-04-23 08:14:03', 1, 1),
(103, '2021-04-23 09:08:31', 1, 1),
(104, '2021-04-23 09:37:26', 1, 1),
(105, '2021-04-23 10:00:25', 1, 1),
(106, '2021-04-23 10:04:55', 1, 1),
(107, '2021-04-23 12:01:50', 1, 1),
(108, '2021-04-23 19:58:29', 1, 1),
(109, '2021-04-23 20:33:18', 1, 1),
(110, '2021-04-23 21:17:06', 1, 1),
(111, '2021-04-24 14:52:37', 1, 1),
(112, '2021-04-26 14:44:26', 1, 1),
(113, '2021-04-26 17:07:56', 1, 1),
(114, '2021-04-26 18:28:59', 1, 0),
(115, '2021-04-26 20:24:20', 1, 1),
(116, '2021-04-27 08:13:06', 1, 0),
(117, '2021-04-27 11:09:20', 25, 1),
(118, '2021-04-27 11:18:38', 1, 0),
(119, '2021-04-27 13:56:44', 1, 1),
(120, '2021-04-27 19:47:43', 1, 1),
(121, '2021-04-28 08:10:27', 1, 0),
(122, '2021-04-28 08:33:43', 1, 0),
(123, '2021-04-28 08:33:59', 1, 0),
(124, '2021-04-28 08:34:25', 30, 0),
(125, '2021-04-28 08:35:00', 1, 1),
(126, '2021-04-28 15:31:46', 1, 1),
(127, '2021-04-28 15:43:27', 1, 0),
(128, '2021-04-28 17:12:42', 1, 1),
(129, '2021-04-29 08:29:30', 1, 1),
(130, '2021-04-29 12:03:39', 1, 1),
(131, '2021-04-29 14:17:34', 1, 1),
(132, '2021-04-29 15:54:47', 1, 1),
(133, '2021-04-29 17:12:23', 1, 1),
(134, '2021-04-29 17:14:02', 1, 0),
(135, '2021-04-29 18:51:41', 1, 1),
(136, '2021-04-29 20:12:03', 1, 1),
(137, '2021-04-29 21:13:47', 1, 1),
(138, '2021-04-29 22:06:37', 1, 1),
(139, '2021-04-29 22:08:40', 1, 1),
(140, '2021-04-29 22:29:41', 1, 1),
(141, '2021-04-29 23:00:17', 1, 1),
(142, '2021-04-29 23:23:40', 1, 1),
(143, '2021-04-29 23:30:26', 1, 0),
(144, '2021-04-30 00:07:04', 1, 1),
(145, '2021-04-30 00:19:51', 1, 0),
(146, '2021-04-30 08:32:35', 1, 1),
(147, '2021-04-30 08:53:18', 1, 0),
(148, '2021-04-30 10:40:12', 1, 1),
(149, '2021-04-30 11:24:06', 1, 0),
(150, '2021-04-30 13:46:02', 1, 0),
(151, '2021-04-30 17:28:29', 1, 1),
(152, '2021-04-30 22:13:03', 1, 1),
(153, '2021-04-30 22:55:33', 1, 1),
(154, '2021-04-30 23:53:12', 1, 0),
(155, '2021-05-01 00:20:31', 1, 0),
(156, '2021-05-01 00:25:37', 53, 0),
(157, '2021-05-01 00:25:45', 54, 0),
(158, '2021-05-04 10:06:00', 1, 0),
(159, '2021-05-04 15:12:22', 1, 0),
(160, '2021-05-04 20:17:59', 1, 0),
(161, '2021-05-05 07:33:04', 1, 1),
(162, '2021-05-05 15:03:32', 1, 1),
(163, '2021-05-05 19:33:02', 1, 0),
(164, '2021-05-05 19:52:37', 1, 0),
(165, '2021-05-05 19:52:54', 1, 0),
(166, '2021-05-05 19:53:06', 1, 0),
(167, '2021-05-05 19:55:35', 1, 0),
(168, '2021-05-05 19:58:48', 1, 0),
(169, '2021-05-05 23:33:33', 1, 1),
(170, '2021-05-05 23:55:50', 1, 1),
(171, '2021-05-06 08:11:10', 1, 1),
(172, '2021-05-06 19:58:50', 1, 1),
(173, '2021-05-07 08:16:47', 1, 0),
(174, '2021-05-07 08:20:46', 1, 0),
(175, '2021-05-07 08:20:57', 1, 0),
(176, '2021-05-07 08:21:11', 22, 0),
(177, '2021-05-07 08:21:38', 22, 0),
(178, '2021-05-07 08:22:34', 1, 1),
(179, '2021-05-07 11:06:37', 1, 0),
(180, '2021-05-07 14:01:45', 22, 0),
(181, '2021-05-07 14:26:31', 1, 0),
(182, '2021-05-07 15:11:25', 1, 0),
(183, '2021-05-07 15:44:14', 1, 0),
(184, '2021-05-07 16:00:56', 1, 0),
(185, '2021-05-07 16:22:39', 1, 0),
(186, '2021-05-07 17:04:56', 1, 0),
(187, '2021-05-07 17:07:30', 1, 0),
(188, '2021-05-07 17:14:36', 22, 0);

-- --------------------------------------------------------

--
-- Structure de la table `effectuer`
--

DROP TABLE IF EXISTS `effectuer`;
CREATE TABLE IF NOT EXISTS `effectuer` (
  `ID_user` int NOT NULL,
  `ID_nuit` int NOT NULL,
  `ID_day` int NOT NULL,
  `nom_user_modif` varchar(50) NOT NULL,
  PRIMARY KEY (`ID_user`,`ID_nuit`,`ID_day`)
) ENGINE=InnoDB DEFAULT CHARSET=utf8;

--
-- Déchargement des données de la table `effectuer`
--

INSERT INTO `effectuer` (`ID_user`, `ID_nuit`, `ID_day`, `nom_user_modif`) VALUES
(1, 0, 11, 'Dio'),
(1, 0, 12, 'Dio'),
(1, 0, 13, 'Dio'),
(1, 0, 14, 'Dio'),
(1, 0, 16, 'Dio'),
(1, 0, 18, 'Dio'),
(1, 0, 19, 'Dio'),
(1, 0, 20, 'Dio'),
(1, 0, 21, 'Dio'),
(1, 0, 22, 'Jhon'),
(1, 0, 23, 'Dio'),
(1, 0, 24, 'Dio'),
(1, 0, 25, 'Dio'),
(1, 0, 26, 'Dio'),
(1, 0, 27, 'Dio'),
(1, 0, 28, 'Dio'),
(1, 0, 29, 'Dio'),
(1, 0, 30, 'Dio'),
(1, 0, 31, 'Dio'),
(1, 0, 32, 'Dio'),
(1, 0, 33, 'Dio'),
(1, 0, 34, 'Dio'),
(1, 0, 36, 'Dio'),
(1, 0, 37, 'Dio'),
(1, 0, 38, 'Dio'),
(1, 0, 39, 'Dio'),
(1, 0, 40, 'Dio'),
(1, 0, 41, 'Dio'),
(1, 0, 42, 'Dio'),
(1, 5, 0, 'Dio'),
(1, 6, 0, 'Dio'),
(1, 7, 0, 'Dio'),
(1, 8, 0, 'Dio'),
(1, 9, 0, 'Dio'),
(1, 10, 0, 'Dio'),
(1, 11, 0, 'Dio'),
(1, 12, 0, 'Dio'),
(1, 13, 0, 'Dio'),
(1, 14, 0, 'Dio'),
(1, 15, 0, 'Dio'),
(1, 16, 0, 'Dio'),
(1, 23, 0, 'Dio'),
(1, 24, 0, 'Dio'),
(1, 25, 0, 'Dio'),
(1, 26, 0, 'Dio'),
(1, 27, 0, 'Dio'),
(1, 28, 0, 'Dio'),
(1, 29, 0, 'Dio'),
(1, 30, 0, 'Dio'),
(1, 32, 0, 'Jhon'),
(1, 33, 0, 'Dio'),
(1, 34, 0, 'Dio'),
(1, 35, 0, 'Dio'),
(1, 36, 0, 'Dio'),
(1, 37, 0, 'Dio'),
(1, 38, 0, 'Dio'),
(1, 39, 0, 'Dio'),
(1, 40, 0, 'Dio'),
(1, 41, 0, 'Dio'),
(1, 42, 0, 'Dio'),
(1, 43, 0, 'Dio'),
(1, 44, 0, 'Dio'),
(1, 45, 0, 'Dio'),
(1, 46, 0, 'Dio'),
(1, 47, 0, 'Dio'),
(1, 48, 0, 'Dio'),
(1, 50, 0, 'Dio'),
(1, 51, 0, 'Dio'),
(1, 56, 0, 'Dio'),
(1, 57, 0, 'Dio'),
(1, 60, 0, 'Jhon'),
(1, 61, 0, 'Dio');

-- --------------------------------------------------------

--
-- Structure de la table `etat`
--

DROP TABLE IF EXISTS `etat`;
CREATE TABLE IF NOT EXISTS `etat` (
  `ID_etat_reservation` int NOT NULL AUTO_INCREMENT,
  `etat_client` tinyint(1) NOT NULL,
  `confirmation_reservation` tinyint(1) NOT NULL,
  PRIMARY KEY (`ID_etat_reservation`)
) ENGINE=InnoDB AUTO_INCREMENT=5 DEFAULT CHARSET=utf8;

--
-- Déchargement des données de la table `etat`
--

INSERT INTO `etat` (`ID_etat_reservation`, `etat_client`, `confirmation_reservation`) VALUES
(1, 1, 1),
(2, 0, 1),
(3, 0, 0),
(4, 1, 0);

-- --------------------------------------------------------

--
-- Structure de la table `facture_day`
--

DROP TABLE IF EXISTS `facture_day`;
CREATE TABLE IF NOT EXISTS `facture_day` (
  `ID_facture_day` int NOT NULL AUTO_INCREMENT,
  `date_facture_day` datetime NOT NULL DEFAULT CURRENT_TIMESTAMP,
  `type_payement_day` varchar(50) NOT NULL,
  `ID_day` int NOT NULL,
  PRIMARY KEY (`ID_facture_day`),
  KEY `ID_day` (`ID_day`)
) ENGINE=InnoDB AUTO_INCREMENT=25 DEFAULT CHARSET=utf8;

--
-- Déchargement des données de la table `facture_day`
--

INSERT INTO `facture_day` (`ID_facture_day`, `date_facture_day`, `type_payement_day`, `ID_day`) VALUES
(5, '2021-04-21 16:35:16', '', 23),
(8, '2021-04-22 10:25:56', 'Espece', 26),
(9, '2021-04-23 08:51:14', 'Airtel Money', 27),
(10, '2021-04-23 14:08:14', 'Espece', 28),
(13, '2021-04-27 14:52:30', 'Espece', 31),
(14, '2021-04-27 22:24:42', 'Espece', 32),
(16, '2021-04-28 14:47:36', '', 34),
(18, '2021-04-29 09:47:32', 'Espece', 36),
(19, '2021-04-29 10:21:10', '', 37),
(20, '2021-04-29 19:09:04', 'Espece', 38),
(21, '2021-04-30 08:41:04', 'Espece', 39),
(22, '2021-05-05 11:24:18', 'Espece', 40),
(23, '2021-05-06 09:30:10', 'Orange Money', 41),
(24, '2021-05-09 00:00:00', 'MVola', 42);

-- --------------------------------------------------------

--
-- Structure de la table `facture_nuit`
--

DROP TABLE IF EXISTS `facture_nuit`;
CREATE TABLE IF NOT EXISTS `facture_nuit` (
  `ID_facture_nuit` int NOT NULL AUTO_INCREMENT,
  `date_facture_nuit` datetime NOT NULL DEFAULT CURRENT_TIMESTAMP ON UPDATE CURRENT_TIMESTAMP,
  `offert` tinyint(1) NOT NULL,
  `remise` int NOT NULL,
  `type_payement_nuit` varchar(50) CHARACTER SET utf8 COLLATE utf8_general_ci NOT NULL,
  `ID_nuit` int NOT NULL,
  PRIMARY KEY (`ID_facture_nuit`),
  KEY `ID_nuit` (`ID_nuit`)
) ENGINE=InnoDB AUTO_INCREMENT=45 DEFAULT CHARSET=utf8;

--
-- Déchargement des données de la table `facture_nuit`
--

INSERT INTO `facture_nuit` (`ID_facture_nuit`, `offert`, `remise`, `type_payement_nuit`, `ID_nuit`) VALUES
(26, 0, 0, '', 43),
(27, 0, 0, '', 44),
(31, 0, 12, 'Espece', 48),
(33, 0, 5, 'VISA', 50),
(34, 0, 0, 'Espece', 51),
(36, 0, 0, 'Espece', 53),
(37, 0, 10, 'Espece', 54),
(38, 0, 10, 'Espece', 55),
(39, 0, 5, 'VISA', 56),
(40, 0, 3, '', 57),
(41, 0, 2, '', 58),
(42, 0, 0, '', 59),
(43, 0, 0, 'VISA', 60),
(44, 0, 7, 'Espece', 61);

-- --------------------------------------------------------

--
-- Structure de la table `planning`
--

DROP TABLE IF EXISTS `planning`;
CREATE TABLE IF NOT EXISTS `planning` (
  `ID_planning` int NOT NULL AUTO_INCREMENT,
  `debut_sejour` date NOT NULL,
  `fin_sejour` date NOT NULL,
  `heure_arrive` time NOT NULL,
  `heure_depart` time NOT NULL,
  `motif` tinytext NOT NULL,
  PRIMARY KEY (`ID_planning`)
) ENGINE=InnoDB AUTO_INCREMENT=90 DEFAULT CHARSET=utf8;

--
-- Déchargement des données de la table `planning`
--

INSERT INTO `planning` (`ID_planning`, `debut_sejour`, `fin_sejour`, `heure_arrive`, `heure_depart`, `motif`) VALUES
(6, '2021-04-15', '2021-04-15', '11:37:00', '16:37:00', 'Day use'),
(9, '2021-04-15', '2021-04-15', '14:33:00', '16:33:00', 'Day use'),
(10, '2021-04-15', '2021-04-15', '14:34:00', '17:34:00', 'Day use'),
(13, '2021-04-16', '2021-04-16', '09:38:00', '12:38:00', 'Day use'),
(25, '2021-04-20', '2021-04-22', '00:00:00', '00:00:00', 'Nuitée'),
(26, '2021-04-20', '2021-04-22', '00:00:00', '00:00:00', 'Nuitée'),
(27, '2021-04-20', '2021-04-22', '00:00:00', '00:00:00', 'Nuitée'),
(28, '2021-04-20', '2021-04-24', '00:00:00', '00:00:00', 'Nuitée'),
(29, '2021-04-20', '2021-04-24', '00:00:00', '00:00:00', 'Nuitée'),
(30, '2021-04-20', '2021-04-24', '00:00:00', '00:00:00', 'Nuitée'),
(39, '2021-04-24', '2021-04-30', '00:00:00', '00:00:00', 'Nuitée'),
(41, '2021-04-22', '2021-04-25', '00:00:00', '00:00:00', 'Nuitée'),
(42, '2021-04-22', '2021-04-25', '00:00:00', '00:00:00', 'Nuitée'),
(43, '2021-04-22', '2021-04-25', '00:00:00', '00:00:00', 'Nuitée'),
(45, '2021-04-21', '2021-04-21', '16:35:00', '20:35:00', 'Day use'),
(52, '2021-04-22', '2021-04-22', '13:25:00', '15:25:00', 'Day use'),
(53, '2021-04-23', '2021-04-23', '09:00:00', '11:51:00', 'Day use'),
(54, '2021-04-23', '2021-04-23', '17:08:00', '19:08:00', 'Day use'),
(57, '2021-04-23', '2021-04-28', '00:00:00', '00:00:00', 'Nuitée'),
(58, '2021-04-23', '2021-04-29', '00:00:00', '00:00:00', 'Nuitée'),
(64, '2021-04-27', '2021-04-27', '14:52:00', '17:52:00', 'Day use'),
(65, '2021-04-30', '2021-05-06', '00:00:00', '00:00:00', 'Nuitée'),
(66, '2021-04-27', '2021-04-27', '22:24:00', '01:24:00', 'Day use'),
(69, '2021-04-28', '2021-04-28', '16:47:00', '18:47:00', 'Day use'),
(71, '2021-04-29', '2021-04-29', '13:49:00', '15:47:00', 'Day use'),
(72, '2021-04-29', '2021-04-29', '19:23:00', '22:49:00', 'Day use'),
(73, '2021-04-29', '2021-05-01', '00:00:00', '00:00:00', 'Nuitée'),
(74, '2021-05-01', '2021-05-04', '00:00:00', '00:00:00', 'Nuitée'),
(75, '2021-04-29', '2021-04-29', '20:08:00', '01:08:00', 'Day use'),
(77, '2021-04-30', '2021-04-30', '10:40:00', '12:40:00', 'Day use'),
(81, '2021-05-04', '2021-05-10', '00:00:00', '00:00:00', 'Nuitée'),
(82, '2021-05-05', '2021-05-05', '11:24:00', '14:24:00', 'Day use'),
(86, '2021-05-05', '2021-05-07', '00:00:00', '00:00:00', 'Nuitée'),
(87, '2021-05-06', '2021-05-06', '10:30:00', '12:30:00', 'Day use'),
(88, '2021-05-06', '2021-05-06', '23:26:00', '02:26:00', 'Day use'),
(89, '2021-05-10', '2021-05-20', '00:00:00', '00:00:00', 'Nuitée');

-- --------------------------------------------------------

--
-- Structure de la table `pour`
--

DROP TABLE IF EXISTS `pour`;
CREATE TABLE IF NOT EXISTS `pour` (
  `ID_planning` int NOT NULL,
  `ID_nuit` int NOT NULL,
  `ID_day` int NOT NULL,
  PRIMARY KEY (`ID_planning`,`ID_nuit`,`ID_day`)
) ENGINE=InnoDB DEFAULT CHARSET=utf8;

--
-- Déchargement des données de la table `pour`
--

INSERT INTO `pour` (`ID_planning`, `ID_nuit`, `ID_day`) VALUES
(6, 0, 13),
(9, 0, 16),
(13, 0, 18),
(45, 0, 23),
(52, 0, 26),
(53, 0, 27),
(54, 0, 28),
(57, 43, 0),
(58, 44, 0),
(64, 0, 31),
(65, 48, 0),
(66, 0, 32),
(69, 0, 34),
(71, 0, 36),
(72, 0, 37),
(73, 50, 0),
(74, 51, 0),
(75, 0, 38),
(77, 0, 39),
(81, 56, 0),
(82, 0, 40),
(86, 60, 0),
(87, 0, 41),
(88, 0, 42),
(89, 61, 0);

-- --------------------------------------------------------

--
-- Structure de la table `relier`
--

DROP TABLE IF EXISTS `relier`;
CREATE TABLE IF NOT EXISTS `relier` (
  `ID_archive` int NOT NULL,
  `ID_chambre` int NOT NULL,
  `tarif_chambre` int NOT NULL,
  PRIMARY KEY (`ID_archive`,`ID_chambre`)
) ENGINE=InnoDB DEFAULT CHARSET=utf8;

--
-- Déchargement des données de la table `relier`
--

INSERT INTO `relier` (`ID_archive`, `ID_chambre`, `tarif_chambre`) VALUES
(7, 1, 2000),
(7, 2, 15000),
(7, 3, 16999),
(7, 4, 5000),
(7, 5, 12000),
(7, 6, 4999),
(7, 7, 15000),
(7, 8, 18500),
(7, 9, 29999),
(7, 10, 25000),
(7, 11, 5000),
(7, 12, 7500),
(7, 13, 6000),
(7, 14, 4000),
(7, 15, 4500),
(7, 16, 3000),
(7, 17, 5500),
(7, 18, 8000),
(7, 19, 9000),
(7, 20, 1500),
(7, 21, 555),
(7, 22, 670),
(7, 23, 777),
(7, 24, 888),
(7, 25, 4000),
(7, 26, 5000),
(7, 27, 1000),
(7, 28, 55555),
(8, 1, 14500),
(8, 2, 15000),
(8, 3, 16999),
(8, 4, 5000),
(8, 5, 12000),
(8, 6, 4999),
(8, 7, 15000),
(8, 8, 18500),
(8, 9, 29999),
(8, 10, 25000),
(8, 11, 5000),
(8, 12, 7500),
(8, 13, 6000),
(8, 14, 4000),
(8, 15, 4500),
(8, 16, 3000),
(8, 17, 5500),
(8, 18, 8000),
(8, 19, 9000),
(8, 20, 1500),
(8, 21, 555),
(8, 22, 670),
(8, 23, 777),
(8, 24, 888),
(8, 25, 4000),
(8, 26, 5000),
(8, 27, 1000),
(8, 28, 500000),
(15, 1, 14500),
(15, 2, 15000),
(15, 3, 16999),
(15, 4, 5000),
(15, 5, 12000),
(15, 6, 4999),
(15, 7, 15000),
(15, 8, 18500),
(15, 9, 29999),
(15, 10, 25000),
(15, 11, 5000),
(15, 12, 7500),
(15, 13, 6000),
(15, 14, 4000),
(15, 15, 4500),
(15, 16, 3000),
(15, 17, 5500),
(15, 18, 8000),
(15, 19, 9000),
(15, 20, 1500),
(15, 21, 555),
(15, 22, 670),
(15, 23, 777),
(15, 24, 888),
(15, 25, 4000),
(15, 26, 5000),
(15, 27, 1000),
(16, 1, 14500),
(16, 2, 15000),
(16, 3, 16999),
(16, 4, 5000),
(16, 5, 12000),
(16, 6, 4999),
(16, 7, 15000),
(16, 8, 18500),
(16, 9, 29999),
(16, 10, 25000),
(16, 11, 5000),
(16, 12, 7500),
(16, 13, 6000),
(16, 14, 4000),
(16, 15, 4500),
(16, 16, 3000),
(16, 17, 5500),
(16, 18, 8000),
(16, 19, 9000),
(16, 20, 1500),
(16, 21, 555),
(16, 22, 670),
(16, 23, 777),
(16, 24, 888),
(16, 25, 4000),
(16, 26, 5000),
(16, 27, 1000),
(17, 1, 14500),
(17, 2, 15000),
(17, 3, 16999),
(17, 4, 5000),
(17, 5, 12000),
(17, 6, 4999),
(17, 7, 15000),
(17, 8, 18500),
(17, 9, 29999),
(17, 10, 25000),
(17, 11, 5000),
(17, 12, 7500),
(17, 13, 6000),
(17, 14, 4000),
(17, 15, 4500),
(17, 16, 3000),
(17, 17, 5500),
(17, 18, 8000),
(17, 19, 9000),
(17, 20, 1500),
(17, 21, 555),
(17, 22, 670),
(17, 23, 777),
(17, 24, 888),
(17, 25, 4000),
(17, 26, 5000),
(17, 27, 1000),
(18, 1, 0),
(18, 2, 0),
(18, 3, 0),
(18, 4, 0),
(18, 5, 0),
(18, 6, 0),
(18, 7, 0),
(18, 8, 0),
(18, 9, 0),
(18, 10, 0),
(18, 11, 0),
(18, 12, 0),
(18, 13, 0),
(18, 14, 0),
(18, 15, 0),
(18, 16, 0),
(18, 17, 0),
(18, 18, 0),
(18, 19, 0),
(18, 20, 0),
(18, 21, 0),
(18, 22, 0),
(18, 23, 0),
(18, 24, 0),
(18, 25, 0),
(18, 26, 0),
(18, 27, 0),
(19, 1, 0),
(19, 2, 0),
(19, 3, 0),
(19, 4, 0),
(19, 5, 0),
(19, 6, 0),
(19, 7, 0),
(19, 8, 0),
(19, 9, 0),
(19, 10, 0),
(19, 11, 0),
(19, 12, 0),
(19, 13, 0),
(19, 14, 0),
(19, 15, 0),
(19, 16, 0),
(19, 17, 0),
(19, 18, 0),
(19, 19, 0),
(19, 20, 0),
(19, 21, 0),
(19, 22, 0),
(19, 23, 0),
(19, 24, 0),
(19, 25, 0),
(19, 26, 0),
(19, 27, 0),
(20, 1, 0),
(20, 2, 0),
(20, 3, 0),
(20, 4, 0),
(20, 5, 0),
(20, 6, 0),
(20, 7, 0),
(20, 8, 0),
(20, 9, 0),
(20, 10, 0),
(20, 11, 0),
(20, 12, 0),
(20, 13, 0),
(20, 14, 0),
(20, 15, 0),
(20, 16, 0),
(20, 17, 0),
(20, 18, 0),
(20, 19, 0),
(20, 20, 0),
(20, 21, 0),
(20, 22, 0),
(20, 23, 0),
(20, 24, 0),
(20, 25, 0),
(20, 26, 0),
(20, 27, 0),
(20, 28, 3600),
(21, 1, 0),
(21, 2, 0),
(21, 3, 0),
(21, 4, 0),
(21, 5, 0),
(21, 6, 0),
(21, 7, 0),
(21, 8, 0),
(21, 9, 0),
(21, 10, 0),
(21, 11, 0),
(21, 12, 0),
(21, 13, 0),
(21, 14, 0),
(21, 15, 0),
(21, 16, 0),
(21, 17, 0),
(21, 18, 0),
(21, 19, 0),
(21, 20, 0),
(21, 21, 0),
(21, 22, 0),
(21, 23, 0),
(21, 24, 0),
(21, 25, 0),
(21, 26, 0),
(21, 27, 0),
(21, 28, 3600),
(22, 1, 0),
(22, 2, 0),
(22, 3, 0),
(22, 4, 0),
(22, 5, 0),
(22, 6, 0),
(22, 7, 0),
(22, 8, 0),
(22, 9, 0),
(22, 10, 0),
(22, 11, 0),
(22, 12, 0),
(22, 13, 0),
(22, 14, 0),
(22, 15, 0),
(22, 16, 0),
(22, 17, 0),
(22, 18, 0),
(22, 19, 0),
(22, 20, 0),
(22, 21, 0),
(22, 22, 0),
(22, 23, 0),
(22, 24, 0),
(22, 25, 0),
(22, 26, 0),
(22, 27, 0),
(22, 28, 3600),
(22, 29, 1080),
(23, 1, 0),
(23, 2, 0),
(23, 3, 0),
(23, 4, 0),
(23, 5, 0),
(23, 6, 0),
(23, 7, 0),
(23, 8, 0),
(23, 9, 0),
(23, 10, 0),
(23, 11, 0),
(23, 12, 0),
(23, 13, 0),
(23, 14, 0),
(23, 15, 0),
(23, 16, 0),
(23, 17, 0),
(23, 18, 0),
(23, 19, 0),
(23, 20, 0),
(23, 21, 0),
(23, 22, 0),
(23, 23, 0),
(23, 24, 0),
(23, 25, 0),
(23, 26, 0),
(23, 27, 0),
(23, 28, 3600),
(23, 29, 1080),
(23, 30, 5),
(24, 1, 0),
(24, 2, 0),
(24, 3, 0),
(24, 4, 0),
(24, 5, 0),
(24, 6, 0),
(24, 7, 0),
(24, 8, 0),
(24, 9, 0),
(24, 10, 0),
(24, 11, 0),
(24, 12, 0),
(24, 13, 0),
(24, 14, 0),
(24, 15, 0),
(24, 16, 0),
(24, 17, 0),
(24, 18, 0),
(24, 19, 0),
(24, 20, 0),
(24, 21, 0),
(24, 22, 0),
(24, 23, 0),
(24, 24, 0),
(24, 25, 0),
(24, 26, 0),
(24, 27, 0),
(24, 28, 0),
(24, 29, 0),
(24, 30, 0),
(24, 31, 720),
(26, 1, 250),
(26, 2, 250),
(26, 3, 250),
(26, 4, 250),
(26, 5, 250),
(26, 6, 250),
(26, 7, 250),
(26, 8, 250),
(26, 9, 250),
(26, 10, 250),
(26, 11, 250),
(26, 12, 250),
(26, 13, 250),
(26, 14, 250),
(26, 15, 250),
(26, 16, 250),
(26, 17, 250),
(26, 18, 250),
(26, 19, 250),
(26, 20, 250),
(26, 21, 250),
(26, 22, 250),
(26, 23, 250),
(26, 24, 250),
(26, 25, 250),
(26, 26, 250),
(26, 27, 250),
(26, 28, 250),
(26, 29, 250),
(26, 30, 250),
(26, 31, 250),
(27, 1, 250),
(27, 2, 250),
(27, 3, 250),
(27, 4, 250),
(27, 5, 250),
(27, 6, 250),
(27, 7, 250),
(27, 8, 250),
(27, 9, 250),
(27, 10, 250),
(27, 11, 250),
(27, 12, 250),
(27, 13, 250),
(27, 14, 250),
(27, 15, 250),
(27, 16, 250),
(27, 17, 250),
(27, 18, 250),
(27, 19, 250),
(27, 20, 250),
(27, 21, 250),
(27, 22, 250),
(27, 23, 250),
(27, 24, 250),
(27, 25, 250),
(27, 26, 250),
(27, 27, 250),
(27, 28, 250),
(27, 29, 250),
(27, 30, 250),
(27, 31, 250),
(28, 1, 250),
(28, 2, 250),
(28, 3, 250),
(28, 4, 250),
(28, 5, 250),
(28, 6, 250),
(28, 7, 250),
(28, 8, 250),
(28, 9, 250),
(28, 10, 250),
(28, 11, 250),
(28, 12, 250),
(28, 13, 250),
(28, 14, 250),
(28, 15, 250),
(28, 16, 250),
(28, 17, 250),
(28, 18, 250),
(28, 19, 250),
(28, 20, 250),
(28, 21, 250),
(28, 22, 250),
(28, 23, 250),
(28, 24, 250),
(28, 25, 250),
(28, 26, 250),
(28, 27, 250),
(28, 28, 250),
(28, 29, 250),
(28, 30, 250),
(28, 31, 250),
(28, 32, 360),
(30, 1, 0),
(30, 2, 0),
(30, 3, 0),
(30, 4, 0),
(30, 5, 0),
(30, 6, 0),
(30, 7, 0),
(30, 8, 0),
(30, 9, 0),
(30, 10, 0),
(30, 11, 0),
(30, 12, 0),
(30, 13, 0),
(30, 14, 0),
(30, 15, 0),
(30, 16, 0),
(30, 17, 0),
(30, 18, 0),
(30, 19, 0),
(30, 20, 0),
(30, 21, 0),
(30, 22, 0),
(30, 23, 0),
(30, 24, 0),
(30, 25, 0),
(30, 26, 0),
(30, 27, 0),
(30, 28, 0),
(30, 29, 0),
(30, 30, 0),
(30, 31, 0),
(30, 32, 0),
(30, 33, 580),
(31, 1, 0),
(31, 2, 0),
(31, 3, 0),
(31, 4, 0),
(31, 5, 0),
(31, 6, 0),
(31, 7, 0),
(31, 8, 0),
(31, 9, 0),
(31, 10, 0),
(31, 11, 0),
(31, 12, 0),
(31, 13, 0),
(31, 14, 0),
(31, 15, 0),
(31, 16, 0),
(31, 17, 0),
(31, 18, 0),
(31, 19, 0),
(31, 20, 0),
(31, 21, 0),
(31, 22, 0),
(31, 23, 0),
(31, 24, 0),
(31, 25, 0),
(31, 26, 0),
(31, 27, 0),
(31, 28, 0),
(31, 29, 0),
(31, 30, 0),
(31, 31, 0),
(31, 32, 0),
(31, 33, 580),
(32, 1, 5),
(32, 2, 5),
(32, 3, 5),
(32, 4, 5),
(32, 5, 5),
(32, 6, 5),
(32, 7, 5),
(32, 8, 5),
(32, 9, 5),
(32, 10, 5),
(32, 11, 5),
(32, 12, 5),
(32, 13, 5),
(32, 14, 5),
(32, 15, 5),
(32, 16, 5),
(32, 17, 5),
(32, 18, 5),
(32, 19, 5),
(32, 20, 5),
(32, 21, 5),
(32, 22, 5),
(32, 23, 5),
(32, 24, 5),
(32, 25, 5),
(32, 26, 5),
(32, 27, 5),
(32, 28, 5),
(32, 29, 5),
(32, 30, 5),
(32, 31, 5),
(32, 32, 5),
(32, 33, 5),
(32, 34, 5),
(32, 35, 741),
(34, 1, 0),
(34, 2, 0),
(34, 3, 0),
(34, 4, 0),
(34, 5, 0),
(34, 6, 0),
(34, 7, 0),
(34, 8, 0),
(34, 9, 0),
(34, 10, 0),
(34, 11, 0),
(34, 12, 0),
(34, 13, 0),
(34, 14, 0),
(34, 15, 0),
(34, 16, 0),
(34, 17, 0),
(34, 18, 0),
(34, 19, 0),
(34, 20, 0),
(34, 21, 0),
(34, 22, 0),
(34, 23, 0),
(34, 24, 0),
(34, 25, 0),
(34, 26, 0),
(34, 27, 0),
(34, 28, 0),
(34, 29, 0),
(34, 30, 0),
(34, 31, 0),
(34, 32, 0),
(34, 33, 0),
(34, 34, 0),
(34, 35, 0),
(35, 1, 0),
(35, 2, 0),
(35, 3, 0),
(35, 4, 0),
(35, 5, 0),
(35, 6, 0),
(35, 7, 0),
(35, 8, 0),
(35, 9, 0),
(35, 10, 0),
(35, 11, 0),
(35, 12, 0),
(35, 13, 0),
(35, 14, 0),
(35, 15, 0),
(35, 16, 0),
(35, 17, 0),
(35, 18, 0),
(35, 19, 0),
(35, 20, 0),
(35, 21, 0),
(35, 22, 0),
(35, 23, 0),
(35, 24, 0),
(35, 25, 0),
(35, 26, 0),
(35, 27, 0),
(35, 28, 0),
(35, 29, 0),
(35, 30, 0),
(35, 31, 0),
(35, 32, 0),
(35, 33, 0),
(35, 34, 0),
(35, 35, 0),
(36, 1, 0),
(36, 2, 0),
(36, 3, 0),
(36, 4, 0),
(36, 5, 0),
(36, 6, 0),
(36, 7, 0),
(36, 8, 0),
(36, 9, 0),
(36, 10, 0),
(36, 11, 0),
(36, 12, 0),
(36, 13, 0),
(36, 14, 0),
(36, 15, 0),
(36, 16, 0),
(36, 17, 0),
(36, 18, 0),
(36, 19, 0),
(36, 20, 0),
(36, 21, 0),
(36, 22, 0),
(36, 23, 0),
(36, 24, 0),
(36, 25, 0),
(36, 26, 0),
(36, 27, 0),
(36, 28, 0),
(36, 29, 0),
(36, 30, 0),
(36, 31, 0),
(36, 32, 0),
(36, 33, 0),
(36, 34, 0),
(36, 35, 0),
(36, 36, 0),
(37, 1, 0),
(37, 2, 0),
(37, 3, 0),
(37, 4, 0),
(37, 5, 0),
(37, 6, 0),
(37, 7, 0),
(37, 8, 0),
(37, 9, 0),
(37, 10, 0),
(37, 11, 0),
(37, 12, 0),
(37, 13, 0),
(37, 14, 0),
(37, 15, 0),
(37, 16, 0),
(37, 17, 0),
(37, 18, 0),
(37, 19, 0),
(37, 20, 0),
(37, 21, 0),
(37, 22, 0),
(37, 23, 0),
(37, 24, 0),
(37, 25, 0),
(37, 26, 0),
(37, 27, 0),
(37, 28, 0),
(37, 29, 0),
(37, 30, 0),
(37, 31, 0),
(37, 32, 0),
(37, 33, 0),
(37, 34, 0),
(37, 35, 0),
(37, 36, 0),
(38, 1, 0),
(38, 2, 0),
(38, 3, 0),
(38, 4, 0),
(38, 5, 0),
(38, 6, 0),
(38, 7, 0),
(38, 8, 0),
(38, 9, 0),
(38, 10, 0),
(38, 11, 0),
(38, 12, 0),
(38, 13, 0),
(38, 14, 0),
(38, 15, 0),
(38, 16, 0),
(38, 17, 0),
(38, 18, 0),
(38, 19, 0),
(38, 20, 0),
(38, 21, 0),
(38, 22, 0),
(38, 23, 0),
(38, 24, 0),
(38, 25, 0),
(38, 26, 0),
(38, 27, 0),
(38, 28, 0),
(38, 29, 0),
(38, 30, 0),
(38, 31, 0),
(38, 32, 0),
(38, 33, 0),
(38, 34, 0),
(38, 35, 0),
(38, 36, 0),
(38, 37, 0),
(39, 1, 0),
(39, 2, 0),
(39, 3, 0),
(39, 4, 0),
(39, 5, 0),
(39, 6, 0),
(39, 7, 0),
(39, 8, 0),
(39, 9, 0),
(39, 10, 0),
(39, 11, 0),
(39, 12, 0),
(39, 13, 0),
(39, 14, 0),
(39, 15, 0),
(39, 16, 0),
(39, 17, 0),
(39, 18, 0),
(39, 19, 0),
(39, 20, 0),
(39, 21, 0),
(39, 22, 0),
(39, 23, 0),
(39, 24, 0),
(39, 25, 0),
(39, 26, 0),
(39, 27, 0),
(39, 28, 0),
(39, 29, 0),
(39, 30, 0),
(39, 31, 0),
(39, 32, 0),
(39, 33, 0),
(39, 34, 0),
(39, 35, 0),
(39, 36, 0),
(39, 37, 0),
(40, 1, 0),
(40, 2, 0),
(40, 3, 0),
(40, 4, 0),
(40, 5, 0),
(40, 6, 0),
(40, 7, 0),
(40, 8, 0),
(40, 9, 0),
(40, 10, 0),
(40, 11, 0),
(40, 12, 0),
(40, 13, 0),
(40, 14, 0),
(40, 15, 0),
(40, 16, 0),
(40, 17, 0),
(40, 18, 0),
(40, 19, 0),
(40, 20, 0),
(40, 21, 0),
(40, 22, 0),
(40, 23, 0),
(40, 24, 0),
(40, 25, 0),
(40, 26, 0),
(40, 27, 0),
(40, 28, 0),
(40, 29, 0),
(40, 30, 0),
(40, 31, 0),
(40, 32, 0),
(40, 33, 0),
(40, 34, 0),
(40, 35, 0),
(40, 36, 0),
(40, 37, 0),
(40, 38, 0),
(41, 1, 0),
(41, 2, 0),
(41, 3, 0),
(41, 4, 0),
(41, 5, 0),
(41, 6, 0),
(41, 7, 0),
(41, 8, 0),
(41, 9, 0),
(41, 10, 0),
(41, 11, 0),
(41, 12, 0),
(41, 13, 0),
(41, 14, 0),
(41, 15, 0),
(41, 16, 0),
(41, 17, 0),
(41, 18, 0),
(41, 19, 0),
(41, 20, 0),
(41, 21, 0),
(41, 22, 0),
(41, 23, 0),
(41, 24, 0),
(41, 25, 0),
(41, 26, 0),
(41, 27, 0),
(41, 28, 0),
(41, 29, 0),
(41, 30, 0),
(41, 31, 0),
(41, 32, 0),
(41, 33, 0),
(41, 34, 0),
(41, 35, 0),
(41, 36, 0),
(41, 37, 0),
(41, 38, 0),
(41, 39, 111),
(42, 1, 0),
(42, 2, 0),
(42, 3, 0),
(42, 4, 0),
(42, 5, 0),
(42, 6, 0),
(42, 7, 0),
(42, 8, 0),
(42, 9, 0),
(42, 10, 0),
(42, 11, 0),
(42, 12, 0),
(42, 13, 0),
(42, 14, 0),
(42, 15, 0),
(42, 16, 0),
(42, 17, 0),
(42, 18, 0),
(42, 19, 0),
(42, 20, 0),
(42, 21, 0),
(42, 22, 0),
(42, 23, 0),
(42, 24, 0),
(42, 25, 0),
(42, 26, 0),
(42, 27, 0),
(42, 28, 0),
(42, 29, 0),
(42, 30, 0),
(42, 31, 0),
(42, 32, 0),
(42, 33, 0),
(42, 34, 0),
(42, 35, 0),
(42, 36, 0),
(42, 37, 0),
(42, 38, 0),
(42, 39, 111),
(42, 40, 1240),
(43, 1, 0),
(43, 2, 0),
(43, 3, 0),
(43, 4, 0),
(43, 5, 0),
(43, 6, 0),
(43, 7, 0),
(43, 8, 0),
(43, 9, 0),
(43, 10, 0),
(43, 11, 0),
(43, 12, 0),
(43, 13, 0),
(43, 14, 0),
(43, 15, 0),
(43, 16, 0),
(43, 17, 0),
(43, 18, 0),
(43, 19, 0),
(43, 20, 0),
(43, 21, 0),
(43, 22, 0),
(43, 23, 0),
(43, 24, 0),
(43, 25, 0),
(43, 26, 0),
(43, 27, 0),
(43, 28, 0),
(43, 29, 0),
(43, 30, 0),
(43, 31, 0),
(43, 32, 0),
(43, 33, 0),
(43, 34, 0),
(43, 35, 0),
(43, 36, 0),
(43, 37, 0),
(43, 38, 0),
(43, 39, 111),
(43, 40, 1240),
(43, 41, 555),
(44, 1, 0),
(44, 2, 0),
(44, 3, 0),
(44, 4, 0),
(44, 5, 0),
(44, 6, 0),
(44, 7, 0),
(44, 8, 0),
(44, 9, 0),
(44, 10, 0),
(44, 11, 0),
(44, 12, 0),
(44, 13, 0),
(44, 14, 0),
(44, 15, 0),
(44, 16, 0),
(44, 17, 0),
(44, 18, 0),
(44, 19, 0),
(44, 20, 0),
(44, 21, 0),
(44, 22, 0),
(44, 23, 0),
(44, 24, 0),
(44, 25, 0),
(44, 26, 0),
(44, 27, 0),
(44, 28, 0),
(44, 29, 0),
(44, 30, 0),
(44, 31, 0),
(44, 32, 0),
(44, 33, 0),
(44, 34, 0),
(44, 35, 0),
(44, 36, 0),
(44, 37, 0),
(44, 38, 0),
(44, 39, 111),
(44, 40, 1240),
(44, 41, 478),
(44, 42, 1331),
(45, 1, 0),
(45, 2, 0),
(45, 3, 0),
(45, 4, 0),
(45, 5, 0),
(45, 6, 0),
(45, 7, 0),
(45, 8, 0),
(45, 9, 0),
(45, 10, 0),
(45, 11, 0),
(45, 12, 0),
(45, 13, 0),
(45, 14, 0),
(45, 15, 0),
(45, 16, 0),
(45, 17, 0),
(45, 18, 0),
(45, 19, 0),
(45, 20, 0),
(45, 21, 0),
(45, 22, 0),
(45, 23, 0),
(45, 24, 0),
(45, 25, 0),
(45, 26, 0),
(45, 27, 0),
(45, 28, 0),
(45, 29, 0),
(45, 30, 0),
(45, 31, 0),
(45, 32, 0),
(45, 33, 0),
(45, 34, 0),
(45, 35, 0),
(45, 36, 0),
(45, 37, 0),
(45, 38, 0),
(45, 39, 111),
(45, 40, 1240),
(45, 41, 478),
(45, 42, 1331),
(45, 43, 1414),
(46, 1, 0),
(46, 2, 0),
(46, 3, 0),
(46, 4, 0),
(46, 5, 0),
(46, 6, 0),
(46, 7, 0),
(46, 8, 0),
(46, 9, 0),
(46, 10, 0),
(46, 11, 0),
(46, 12, 0),
(46, 13, 0),
(46, 14, 0),
(46, 15, 0),
(46, 16, 0),
(46, 17, 0),
(46, 18, 0),
(46, 19, 0),
(46, 20, 0),
(46, 21, 0),
(46, 22, 0),
(46, 23, 0),
(46, 24, 0),
(46, 25, 0),
(46, 26, 0),
(46, 27, 0),
(46, 28, 0),
(46, 29, 0),
(46, 30, 0),
(46, 31, 0),
(46, 32, 0),
(46, 33, 0),
(46, 34, 0),
(46, 35, 0),
(46, 36, 0),
(46, 37, 0),
(46, 38, 0),
(46, 39, 111),
(46, 40, 1240),
(46, 41, 478),
(46, 42, 1331),
(46, 43, 1414),
(47, 1, 0),
(47, 2, 0),
(47, 3, 0),
(47, 4, 0),
(47, 5, 0),
(47, 6, 0),
(47, 7, 0),
(47, 8, 0),
(47, 9, 0),
(47, 10, 0),
(47, 11, 0),
(47, 12, 0),
(47, 13, 0),
(47, 14, 0),
(47, 15, 0),
(47, 16, 0),
(47, 17, 0),
(47, 18, 0),
(47, 19, 0),
(47, 20, 0),
(47, 21, 0),
(47, 22, 0),
(47, 23, 0),
(47, 24, 0),
(47, 25, 0),
(47, 26, 0),
(47, 27, 0),
(47, 28, 0),
(47, 29, 0),
(47, 30, 0),
(47, 31, 0),
(47, 32, 0),
(47, 33, 0),
(47, 34, 0),
(47, 35, 0),
(47, 36, 0),
(47, 37, 0),
(47, 38, 0),
(47, 39, 111),
(47, 40, 1240),
(47, 41, 478),
(47, 42, 1331),
(47, 43, 1414),
(48, 1, 0),
(48, 2, 0),
(48, 3, 0),
(48, 4, 0),
(48, 5, 0),
(48, 6, 0),
(48, 7, 0),
(48, 8, 0),
(48, 9, 0),
(48, 10, 0),
(48, 11, 0),
(48, 12, 0),
(48, 13, 0),
(48, 14, 0),
(48, 15, 0),
(48, 16, 0),
(48, 17, 0),
(48, 18, 0),
(48, 19, 0),
(48, 20, 0),
(48, 21, 0),
(48, 22, 0),
(48, 23, 0),
(48, 24, 0),
(48, 25, 0),
(48, 26, 0),
(48, 27, 0),
(48, 28, 0),
(48, 29, 0),
(48, 30, 0),
(48, 31, 0),
(48, 32, 0),
(48, 33, 0),
(48, 34, 0),
(48, 35, 0),
(48, 36, 0),
(48, 37, 0),
(48, 38, 0),
(48, 39, 111),
(48, 40, 1240),
(48, 41, 478),
(48, 42, 1331),
(48, 43, 1414),
(49, 1, 0),
(49, 2, 0),
(49, 3, 0),
(49, 4, 0),
(49, 5, 0),
(49, 6, 0),
(49, 7, 0),
(49, 8, 0),
(49, 9, 0),
(49, 10, 0),
(49, 11, 0),
(49, 12, 0),
(49, 13, 0),
(49, 14, 0),
(49, 15, 0),
(49, 16, 0),
(49, 17, 0),
(49, 18, 0),
(49, 19, 0),
(49, 20, 0),
(49, 21, 0),
(49, 22, 0),
(49, 23, 0),
(49, 24, 0),
(49, 25, 0),
(49, 26, 0),
(49, 27, 0),
(49, 28, 0),
(49, 29, 0),
(49, 30, 0),
(49, 31, 0),
(49, 32, 0),
(49, 33, 0),
(49, 34, 0),
(49, 35, 0),
(49, 36, 0),
(49, 37, 0),
(49, 38, 0),
(49, 39, 111),
(49, 40, 1240),
(49, 41, 478),
(49, 42, 1331),
(49, 43, 1414),
(49, 44, 1551),
(50, 1, 0),
(50, 2, 0),
(50, 3, 0),
(50, 4, 0),
(50, 5, 0),
(50, 6, 0),
(50, 7, 0),
(50, 8, 0),
(50, 9, 0),
(50, 10, 0),
(50, 11, 0),
(50, 12, 0),
(50, 13, 0),
(50, 14, 0),
(50, 15, 0),
(50, 16, 0),
(50, 17, 0),
(50, 18, 0),
(50, 19, 0),
(50, 20, 0),
(50, 21, 0),
(50, 22, 0),
(50, 23, 0),
(50, 24, 0),
(50, 25, 0),
(50, 26, 0),
(50, 27, 0),
(50, 28, 0),
(50, 29, 0),
(50, 30, 0),
(50, 31, 0),
(50, 32, 0),
(50, 33, 0),
(50, 34, 0),
(50, 35, 0),
(50, 36, 0),
(50, 37, 0),
(50, 38, 0),
(50, 39, 111),
(50, 40, 1240),
(50, 41, 478),
(50, 42, 1331),
(50, 43, 1414),
(50, 44, 1551),
(51, 1, 0),
(51, 2, 0),
(51, 3, 0),
(51, 4, 0),
(51, 5, 0),
(51, 6, 0),
(51, 7, 0),
(51, 8, 0),
(51, 9, 0),
(51, 10, 0),
(51, 11, 0),
(51, 12, 0),
(51, 13, 0),
(51, 14, 0),
(51, 15, 0),
(51, 16, 0),
(51, 17, 0),
(51, 18, 0),
(51, 19, 0),
(51, 20, 0),
(51, 21, 0),
(51, 22, 0),
(51, 23, 0),
(51, 24, 0),
(51, 25, 0),
(51, 26, 0),
(51, 27, 0),
(51, 28, 0),
(51, 29, 0),
(51, 30, 0),
(51, 31, 0),
(51, 32, 0),
(51, 33, 0),
(51, 34, 0),
(51, 35, 0),
(51, 36, 0),
(51, 37, 0),
(51, 38, 0),
(51, 39, 111),
(51, 40, 1240),
(51, 41, 478),
(51, 42, 1331),
(51, 43, 1414),
(51, 44, 1551),
(51, 45, 1881),
(52, 1, 0),
(52, 2, 0),
(52, 3, 0),
(52, 4, 0),
(52, 5, 0),
(52, 6, 0),
(52, 7, 0),
(52, 8, 0),
(52, 9, 0),
(52, 10, 0),
(52, 11, 0),
(52, 12, 0),
(52, 13, 0),
(52, 14, 0),
(52, 15, 0),
(52, 16, 0),
(52, 17, 0),
(52, 18, 0),
(52, 19, 0),
(52, 20, 0),
(52, 21, 0),
(52, 22, 0),
(52, 23, 0),
(52, 24, 0),
(52, 25, 0),
(52, 26, 0),
(52, 27, 0),
(52, 28, 0),
(52, 29, 0),
(52, 30, 0),
(52, 31, 0),
(52, 32, 0),
(52, 33, 0),
(52, 34, 0),
(52, 35, 0),
(52, 36, 0),
(52, 37, 0),
(52, 38, 0),
(52, 39, 111),
(52, 40, 1240),
(52, 41, 478),
(52, 42, 1331),
(52, 43, 1414),
(52, 44, 1551),
(52, 45, 1881),
(53, 1, 0),
(53, 2, 0),
(53, 3, 0),
(53, 4, 0),
(53, 5, 0),
(53, 6, 0),
(53, 7, 0),
(53, 8, 0),
(53, 9, 0),
(53, 10, 0),
(53, 11, 0),
(53, 12, 0),
(53, 13, 0),
(53, 14, 0),
(53, 15, 0),
(53, 16, 0),
(53, 17, 0),
(53, 18, 0),
(53, 19, 0),
(53, 20, 0),
(53, 21, 0),
(53, 22, 0),
(53, 23, 0),
(53, 24, 0),
(53, 25, 0),
(53, 26, 0),
(53, 27, 0),
(53, 28, 0),
(53, 29, 0),
(53, 30, 0),
(53, 31, 0),
(53, 32, 0),
(53, 33, 0),
(53, 34, 0),
(53, 35, 0),
(53, 36, 0),
(53, 37, 0),
(53, 38, 0),
(53, 39, 111),
(53, 40, 1240),
(53, 41, 478),
(53, 42, 1331),
(53, 43, 1414),
(53, 44, 1551),
(53, 45, 1881),
(54, 1, 0),
(54, 2, 0),
(54, 3, 0),
(54, 4, 0),
(54, 5, 0),
(54, 6, 0),
(54, 7, 0),
(54, 8, 0),
(54, 9, 0),
(54, 10, 0),
(54, 11, 0),
(54, 12, 0),
(54, 13, 0),
(54, 14, 0),
(54, 15, 0),
(54, 16, 0),
(54, 17, 0),
(54, 18, 0),
(54, 19, 0),
(54, 20, 0),
(54, 21, 0),
(54, 22, 0),
(54, 23, 0),
(54, 24, 0),
(54, 25, 0),
(54, 26, 0),
(54, 27, 0),
(54, 28, 0),
(54, 29, 0),
(54, 30, 0),
(54, 31, 0),
(54, 32, 0),
(54, 33, 0),
(54, 34, 0),
(54, 35, 0),
(54, 36, 0),
(54, 37, 0),
(54, 38, 0),
(54, 39, 111),
(54, 40, 1240),
(54, 41, 478),
(54, 42, 1331),
(54, 43, 1414),
(54, 44, 1551),
(54, 45, 1881),
(55, 1, 0),
(55, 2, 0),
(55, 3, 0),
(55, 4, 0),
(55, 5, 0),
(55, 6, 0),
(55, 7, 0),
(55, 8, 0),
(55, 9, 0),
(55, 10, 0),
(55, 11, 0),
(55, 12, 0),
(55, 13, 0),
(55, 14, 0),
(55, 15, 0),
(55, 16, 0),
(55, 17, 0),
(55, 18, 0),
(55, 19, 0),
(55, 20, 0),
(55, 21, 0),
(55, 22, 0),
(55, 23, 0),
(55, 24, 0),
(55, 25, 0),
(55, 26, 0),
(55, 27, 0),
(55, 28, 0),
(55, 29, 0),
(55, 30, 0),
(55, 31, 0),
(55, 32, 0),
(55, 33, 0),
(55, 34, 0),
(55, 35, 0),
(55, 36, 0),
(55, 37, 0),
(55, 38, 0),
(55, 39, 111),
(55, 40, 1240),
(55, 41, 478),
(55, 42, 1331),
(55, 43, 1414),
(55, 44, 1551),
(55, 45, 1881),
(56, 1, 0),
(56, 2, 0),
(56, 3, 0),
(56, 4, 0),
(56, 5, 0),
(56, 6, 0),
(56, 7, 0),
(56, 8, 0),
(56, 9, 0),
(56, 10, 0),
(56, 11, 0),
(56, 12, 0),
(56, 13, 0),
(56, 14, 0),
(56, 15, 0),
(56, 16, 0),
(56, 17, 0),
(56, 18, 0),
(56, 19, 0),
(56, 20, 0),
(56, 21, 0),
(56, 22, 0),
(56, 23, 0),
(56, 24, 0),
(56, 25, 0),
(56, 26, 0),
(56, 27, 0),
(56, 28, 0),
(56, 29, 0),
(56, 30, 0),
(56, 31, 0),
(56, 32, 0),
(56, 33, 0),
(56, 34, 0),
(56, 35, 0),
(56, 36, 0),
(56, 37, 0),
(56, 38, 0),
(56, 39, 111),
(56, 40, 1240),
(56, 41, 478),
(56, 42, 1331),
(56, 43, 1414),
(56, 44, 1551),
(56, 45, 1881),
(57, 1, 0),
(57, 2, 0),
(57, 3, 0),
(57, 4, 0),
(57, 5, 0),
(57, 6, 0),
(57, 7, 0),
(57, 8, 0),
(57, 9, 0),
(57, 10, 0),
(57, 11, 0),
(57, 12, 0),
(57, 13, 0),
(57, 14, 0),
(57, 15, 0),
(57, 16, 0),
(57, 17, 0),
(57, 18, 0),
(57, 19, 0),
(57, 20, 0),
(57, 21, 0),
(57, 22, 0),
(57, 23, 0),
(57, 24, 0),
(57, 25, 0),
(57, 26, 0),
(57, 27, 0),
(57, 28, 0),
(57, 29, 0),
(57, 30, 0),
(57, 31, 0),
(57, 32, 0),
(57, 33, 0),
(57, 34, 0),
(57, 35, 0),
(57, 36, 0),
(57, 37, 0),
(57, 38, 0),
(57, 39, 111),
(57, 40, 1240),
(57, 41, 478),
(57, 42, 1331),
(57, 43, 1414),
(57, 44, 1551),
(57, 45, 1881),
(58, 1, 0),
(58, 2, 0),
(58, 3, 0),
(58, 4, 0),
(58, 5, 0),
(58, 6, 0),
(58, 7, 0),
(58, 8, 0),
(58, 9, 0),
(58, 10, 0),
(58, 11, 0),
(58, 12, 0),
(58, 13, 0),
(58, 14, 0),
(58, 15, 0),
(58, 16, 0),
(58, 17, 0),
(58, 18, 0),
(58, 19, 0),
(58, 20, 0),
(58, 21, 0),
(58, 22, 0),
(58, 23, 0),
(58, 24, 0),
(58, 25, 0),
(58, 26, 0),
(58, 27, 0),
(58, 28, 0),
(58, 29, 0),
(58, 30, 0),
(58, 31, 0),
(58, 32, 0),
(58, 33, 0),
(58, 34, 0),
(58, 35, 0),
(58, 36, 0),
(58, 37, 0),
(58, 38, 0),
(58, 39, 111),
(58, 40, 1240),
(58, 41, 478),
(58, 42, 1331),
(58, 43, 1414),
(58, 44, 1551),
(58, 45, 1881),
(59, 1, 0),
(59, 2, 0),
(59, 3, 0),
(59, 4, 0),
(59, 5, 0),
(59, 6, 0),
(59, 7, 0),
(59, 8, 0),
(59, 9, 0),
(59, 10, 0),
(59, 11, 0),
(59, 12, 0),
(59, 13, 0),
(59, 14, 0),
(59, 15, 0),
(59, 16, 0),
(59, 17, 0),
(59, 18, 0),
(59, 19, 0),
(59, 20, 0),
(59, 21, 0),
(59, 22, 0),
(59, 23, 0),
(59, 24, 0),
(59, 25, 0),
(59, 26, 0),
(59, 27, 0),
(59, 28, 0),
(59, 29, 0),
(59, 30, 0),
(59, 31, 0),
(59, 32, 0),
(59, 33, 0),
(59, 34, 0),
(59, 35, 0),
(59, 36, 0),
(59, 37, 0),
(59, 38, 0),
(59, 39, 111),
(59, 40, 1240),
(59, 41, 478),
(59, 42, 1331),
(59, 43, 1414),
(59, 46, 1999),
(60, 1, 0),
(60, 2, 0),
(60, 3, 0),
(60, 4, 0),
(60, 5, 0),
(60, 6, 0),
(60, 7, 0),
(60, 8, 0),
(60, 9, 0),
(60, 10, 0),
(60, 11, 0),
(60, 12, 0),
(60, 13, 0),
(60, 14, 0),
(60, 15, 0),
(60, 16, 0),
(60, 17, 0),
(60, 18, 0),
(60, 19, 0),
(60, 20, 0),
(60, 21, 0),
(60, 22, 0),
(60, 23, 0),
(60, 24, 0),
(60, 25, 0),
(60, 26, 0),
(60, 27, 0),
(60, 28, 0),
(60, 29, 0),
(60, 30, 0),
(60, 31, 0),
(60, 32, 0),
(60, 33, 0),
(60, 34, 0),
(60, 35, 0),
(60, 36, 0),
(60, 37, 0),
(60, 38, 0),
(60, 39, 111),
(60, 40, 1240),
(60, 41, 478),
(60, 42, 1331),
(60, 43, 1414),
(61, 1, 0),
(61, 2, 0),
(61, 3, 0),
(61, 4, 0),
(61, 5, 0),
(61, 6, 0),
(61, 7, 0),
(61, 8, 0),
(61, 9, 0),
(61, 10, 0),
(61, 11, 0),
(61, 12, 0),
(61, 13, 0),
(61, 14, 0),
(61, 15, 0),
(61, 16, 0),
(61, 17, 0),
(61, 18, 0),
(61, 19, 0),
(61, 20, 0),
(61, 21, 0),
(61, 22, 0),
(61, 23, 0),
(61, 24, 0),
(61, 25, 0),
(61, 26, 0),
(61, 27, 0),
(61, 28, 0),
(61, 29, 0),
(61, 30, 0),
(61, 31, 0),
(61, 32, 0),
(61, 33, 0),
(61, 34, 0),
(61, 35, 0),
(61, 36, 0),
(61, 37, 0),
(61, 38, 0),
(61, 39, 111),
(61, 40, 1240),
(61, 41, 478),
(61, 42, 1331),
(61, 43, 1414),
(62, 1, 0),
(62, 2, 0),
(62, 3, 0),
(62, 4, 0),
(62, 5, 0),
(62, 6, 0),
(62, 7, 0),
(62, 8, 0),
(62, 9, 0),
(62, 10, 0),
(62, 11, 0),
(62, 12, 0),
(62, 13, 0),
(62, 14, 0),
(62, 15, 0),
(62, 16, 0),
(62, 17, 0),
(62, 18, 0),
(62, 19, 0),
(62, 20, 0),
(62, 21, 0),
(62, 22, 0),
(62, 23, 0),
(62, 24, 0),
(62, 25, 0),
(62, 26, 0),
(62, 27, 0),
(62, 28, 0),
(62, 29, 0),
(62, 30, 0),
(62, 31, 0),
(62, 32, 0),
(62, 33, 0),
(62, 34, 0),
(62, 35, 0),
(62, 36, 0),
(62, 37, 0),
(62, 38, 0),
(62, 39, 111),
(62, 40, 500),
(63, 1, 150),
(64, 1, 150),
(65, 1, 150),
(66, 1, 150),
(67, 1, 150),
(67, 2, 0),
(67, 3, 0),
(67, 4, 0),
(67, 5, 0),
(67, 6, 0),
(67, 7, 0),
(67, 8, 0),
(67, 9, 0),
(67, 10, 0),
(67, 11, 0),
(67, 12, 0),
(67, 13, 0),
(67, 14, 0),
(67, 15, 0),
(67, 16, 0),
(67, 17, 0),
(67, 18, 0),
(67, 19, 0),
(67, 20, 0),
(67, 21, 0),
(67, 22, 0),
(67, 23, 0),
(67, 24, 0),
(67, 25, 0),
(67, 26, 0),
(67, 27, 0),
(67, 28, 0),
(67, 29, 0),
(67, 30, 0),
(67, 31, 0),
(67, 32, 0),
(67, 33, 0),
(67, 34, 0),
(67, 35, 0),
(67, 36, 0),
(67, 37, 0),
(67, 38, 0),
(67, 39, 111),
(67, 40, 500),
(67, 41, 478),
(67, 42, 1331),
(67, 47, 256),
(67, 48, 741),
(67, 49, 789),
(67, 50, 1200),
(67, 51, 364),
(68, 1, 150),
(68, 2, 0),
(68, 3, 0),
(68, 4, 0),
(68, 5, 0),
(68, 6, 0),
(68, 7, 0),
(68, 8, 0),
(68, 9, 0),
(68, 10, 0),
(68, 11, 0),
(68, 12, 0),
(68, 13, 0),
(68, 14, 0),
(68, 15, 0),
(68, 16, 0),
(68, 17, 0),
(68, 18, 0),
(68, 19, 0),
(68, 20, 0),
(68, 21, 0),
(68, 22, 0),
(68, 23, 0),
(68, 24, 0),
(68, 25, 0),
(68, 26, 0),
(68, 27, 0),
(68, 28, 0),
(68, 29, 0),
(68, 30, 0),
(68, 31, 0),
(68, 32, 0),
(68, 33, 0),
(68, 34, 0),
(68, 35, 0),
(68, 36, 0),
(68, 37, 0),
(68, 38, 0),
(68, 39, 111),
(68, 40, 500),
(68, 41, 478),
(68, 42, 1331),
(68, 47, 256),
(68, 48, 741),
(68, 49, 789),
(68, 50, 1200),
(68, 51, 750),
(69, 1, 150),
(69, 2, 0),
(69, 3, 0),
(69, 4, 0),
(69, 5, 0),
(69, 6, 0),
(69, 7, 0),
(69, 8, 0),
(69, 9, 0),
(69, 10, 0),
(69, 11, 0),
(69, 12, 0),
(69, 13, 0),
(69, 14, 0),
(69, 15, 0),
(69, 16, 0),
(69, 17, 0),
(69, 18, 0),
(69, 19, 0),
(69, 20, 0),
(69, 21, 0),
(69, 22, 0),
(69, 23, 0),
(69, 24, 0),
(69, 25, 0),
(69, 26, 0),
(69, 27, 0),
(69, 28, 0),
(69, 29, 0),
(69, 30, 0),
(69, 31, 0),
(69, 32, 0),
(69, 33, 0),
(69, 34, 0),
(69, 35, 0),
(69, 36, 0),
(69, 37, 0),
(69, 38, 0),
(69, 39, 111),
(69, 40, 500),
(69, 41, 478),
(69, 47, 256),
(69, 48, 741),
(69, 49, 789),
(69, 50, 1200),
(69, 51, 750),
(70, 1, 150),
(70, 2, 500),
(70, 3, 10),
(70, 5, 0),
(70, 6, 0),
(70, 7, 0),
(70, 8, 0),
(70, 9, 0),
(70, 10, 0),
(70, 11, 0),
(70, 12, 0),
(70, 13, 0),
(70, 14, 0),
(70, 15, 0),
(70, 16, 0),
(70, 17, 0),
(70, 18, 0),
(70, 19, 0),
(70, 20, 0),
(70, 21, 0),
(70, 22, 0),
(70, 23, 0),
(70, 24, 0),
(70, 25, 0),
(70, 26, 0),
(70, 27, 0),
(70, 28, 0),
(70, 29, 0),
(70, 30, 0),
(70, 31, 0),
(70, 32, 0),
(70, 33, 0),
(70, 34, 0),
(70, 35, 0),
(70, 36, 0),
(70, 37, 0),
(70, 38, 0),
(70, 39, 111),
(70, 40, 500),
(70, 41, 478),
(70, 47, 256),
(70, 48, 741),
(70, 49, 789),
(70, 50, 1200),
(70, 51, 750),
(70, 52, 780),
(70, 53, 112),
(71, 1, 150),
(71, 2, 500),
(71, 3, 10),
(71, 5, 0),
(71, 6, 0),
(71, 7, 0),
(71, 8, 0),
(71, 9, 0),
(71, 10, 0),
(71, 11, 0),
(71, 12, 0),
(71, 13, 0),
(71, 14, 0),
(71, 17, 0),
(71, 19, 0),
(71, 20, 0),
(71, 21, 0),
(71, 22, 0),
(71, 23, 0),
(71, 24, 0),
(71, 25, 0),
(71, 26, 0),
(71, 27, 0),
(71, 28, 0),
(71, 29, 0),
(71, 30, 0),
(71, 31, 0),
(71, 32, 0),
(71, 33, 0),
(71, 34, 0),
(71, 35, 0),
(71, 36, 0),
(71, 37, 0),
(71, 38, 0),
(71, 39, 111),
(71, 40, 500),
(71, 41, 478),
(71, 47, 256),
(71, 48, 741),
(71, 49, 789),
(71, 50, 1200),
(71, 51, 750),
(71, 53, 112),
(71, 54, 654),
(72, 1, 150),
(72, 2, 500),
(72, 3, 10),
(72, 5, 750),
(72, 6, 0),
(72, 7, 0),
(72, 8, 0),
(72, 9, 0),
(72, 10, 0),
(72, 11, 0),
(72, 12, 0),
(72, 13, 0),
(72, 14, 0),
(72, 17, 0),
(72, 19, 0),
(72, 20, 0),
(72, 21, 0),
(72, 22, 0),
(72, 23, 0),
(72, 24, 0),
(72, 25, 0),
(72, 26, 0),
(72, 27, 0),
(72, 28, 0),
(72, 29, 0),
(72, 30, 0),
(72, 31, 0),
(72, 32, 0),
(72, 33, 0),
(72, 34, 0),
(72, 35, 0),
(72, 36, 0),
(72, 37, 0),
(72, 38, 0),
(72, 39, 111),
(72, 40, 500),
(72, 41, 478),
(72, 47, 256),
(72, 48, 741),
(72, 49, 789),
(72, 50, 1200),
(72, 51, 750),
(72, 53, 112),
(72, 54, 654);

-- --------------------------------------------------------

--
-- Structure de la table `reservation_day`
--

DROP TABLE IF EXISTS `reservation_day`;
CREATE TABLE IF NOT EXISTS `reservation_day` (
  `ID_day` int NOT NULL AUTO_INCREMENT,
  `nom_client_day` varchar(50) NOT NULL,
  `duree_day` tinyint NOT NULL,
  `date_reservation_day` datetime NOT NULL DEFAULT CURRENT_TIMESTAMP,
  `date_modification_day` datetime NOT NULL DEFAULT CURRENT_TIMESTAMP ON UPDATE CURRENT_TIMESTAMP,
  `commentaire_day` mediumtext NOT NULL,
  PRIMARY KEY (`ID_day`)
) ENGINE=InnoDB AUTO_INCREMENT=43 DEFAULT CHARSET=utf8;

--
-- Déchargement des données de la table `reservation_day`
--

INSERT INTO `reservation_day` (`ID_day`, `nom_client_day`, `duree_day`, `date_reservation_day`, `commentaire_day`) VALUES
(10, 'Aya', 5, '2021-04-14 11:18:46', ''),
(13, 'Louis', 5, '2021-04-15 11:38:13', ''),
(16, 'fzfz', 2, '2021-04-15 14:34:17', ''),
(17, 'raaa', 3, '2021-04-15 14:34:51', ''),
(18, 'Jhon', 3, '2021-04-16 09:38:24', ''),
(23, 'Brad', 4, '2021-04-21 16:35:16', ''),
(26, 'Alone', 2, '2021-04-22 10:25:56', 'Casse'),
(27, 'Big', 3, '2021-04-23 08:51:14', ''),
(28, 'Ace', 2, '2021-04-23 14:08:14', ''),
(31, 'Mei', 3, '2021-04-27 14:52:30', ''),
(32, 'Nar', 3, '2021-04-27 22:24:42', ''),
(34, 'Curt', 2, '2021-04-28 14:47:36', ''),
(36, 'Alpa', 2, '2021-04-29 09:47:32', 'La réservation a été repoussé'),
(37, 'Yaq', 3, '2021-04-29 10:21:10', ''),
(38, 'Tyy', 5, '2021-04-29 19:09:04', ''),
(39, 'Bob', 2, '2021-04-30 08:41:04', ''),
(40, 'Only', 3, '2021-05-05 11:24:18', ''),
(41, 'Asta', 2, '2021-05-06 09:30:10', ''),
(42, 'Richie', 3, '2021-05-06 23:26:44', '');

-- --------------------------------------------------------

--
-- Structure de la table `reservation_nuit`
--

DROP TABLE IF EXISTS `reservation_nuit`;
CREATE TABLE IF NOT EXISTS `reservation_nuit` (
  `ID_nuit` int NOT NULL AUTO_INCREMENT,
  `nbr_personne` int NOT NULL,
  `nbr_nuit` int NOT NULL,
  `type_reservation` varchar(50) NOT NULL,
  `ID_client` int NOT NULL,
  `ID_etat_reservation` int NOT NULL,
  `remarque_reservation` text NOT NULL,
  `date_reservation_nuit` datetime NOT NULL DEFAULT CURRENT_TIMESTAMP,
  `date_modification_nuit` datetime NOT NULL DEFAULT CURRENT_TIMESTAMP ON UPDATE CURRENT_TIMESTAMP,
  `venant_de` varchar(50) NOT NULL,
  `allant_a` varchar(50) NOT NULL,
  `mode_transport` varchar(50) NOT NULL,
  `commentaire_nuit` mediumtext NOT NULL,
  PRIMARY KEY (`ID_nuit`),
  KEY `ID_client` (`ID_client`),
  KEY `ID_etat_reservation` (`ID_etat_reservation`)
) ENGINE=InnoDB AUTO_INCREMENT=62 DEFAULT CHARSET=utf8;

--
-- Déchargement des données de la table `reservation_nuit`
--

INSERT INTO `reservation_nuit` (`ID_nuit`, `nbr_personne`, `nbr_nuit`, `type_reservation`, `ID_client`, `ID_etat_reservation`, `remarque_reservation`, `date_reservation_nuit`, `venant_de`, `allant_a`, `mode_transport`, `commentaire_nuit`) VALUES
(43, 1, 5, 'Réception', 113, 1, '', '2021-04-23 22:00:40', '', '', 'Autre', ''),
(44, 1, 6, 'Réception', 113, 4, '', '2021-04-23 22:01:52', '', '', 'Autre', ''),
(48, 3, 6, 'Réception', 116, 2, 'Test 2', '2021-04-27 14:53:25', '', '', 'Moto', ''),
(50, 3, 2, 'Téléphone', 116, 1, 'Cocktail offert', '2021-04-29 15:14:12', '', '', '', ''),
(51, 3, 3, 'Réception', 118, 2, 'Cafetiere', '2021-04-29 19:00:10', '', '', '', ''),
(56, 4, 6, 'Réception', 106, 1, 'Bedodo', '2021-05-04 15:20:43', '', '', '', ''),
(60, 1, 2, 'Réception', 110, 2, '', '2021-05-05 16:08:40', '', '', '', ''),
(61, 2, 10, 'Téléphone', 117, 4, '', '2021-05-06 23:29:25', '', '', 'Train', 'La date a été repoussée');

-- --------------------------------------------------------

--
-- Structure de la table `stocker`
--

DROP TABLE IF EXISTS `stocker`;
CREATE TABLE IF NOT EXISTS `stocker` (
  `ID_historique` int NOT NULL,
  `ID_client` int NOT NULL,
  `ID_reservation` int NOT NULL,
  PRIMARY KEY (`ID_historique`,`ID_client`,`ID_reservation`)
) ENGINE=InnoDB DEFAULT CHARSET=utf8;

-- --------------------------------------------------------

--
-- Structure de la table `user`
--

DROP TABLE IF EXISTS `user`;
CREATE TABLE IF NOT EXISTS `user` (
  `ID_user` int NOT NULL AUTO_INCREMENT,
  `nom_user` varchar(30) CHARACTER SET utf8 COLLATE utf8_general_ci NOT NULL,
  `prenom_user` varchar(50) NOT NULL,
  `droit_user` tinytext NOT NULL,
  `mdp_user` varchar(255) CHARACTER SET utf8 COLLATE utf8_general_ci NOT NULL,
  PRIMARY KEY (`ID_user`)
) ENGINE=InnoDB AUTO_INCREMENT=58 DEFAULT CHARSET=utf8;

--
-- Déchargement des données de la table `user`
--

INSERT INTO `user` (`ID_user`, `nom_user`, `prenom_user`, `droit_user`, `mdp_user`) VALUES
(1, 'Dio', 'Nando', 'Administrateur', '$2y$10$lX7Mt6HaT5Xt40WbUhLYM..3.EGRfFll9HbgnXS7w.IpF9o49dkQi'),
(5, 'Mal', 'En', 'Contrôleur', '$2y$10$rXFIze7jjQgLjVms754Ff.sYwWdiaK4P7KyXZzqJ.TJP29RCcF3S.'),
(8, 'Mama', 'Mia', 'Administrateur', '$2y$10$zN9OVEhWy1AMaHYOtAZa8ejL3/6TuMrOWGSvKRqDaEI65JipFwmX6'),
(11, 'Smile', 'Cry', 'Utilisateur', '$2y$10$y6s5pIuBsuwdmwGKnOBjMuefG5IZyDQHxAZ2Jb2QrZ7kaMqRv2rHm'),
(22, 'Jhon', 'Wick', 'Administrateur', '$2y$10$InugSKkdIZBh79FybrJMTea8V40vQp9.LcBziSNyTpbFGc3cXmVma'),
(25, 'Tracer', 'Over', 'Contrôleur', '$2y$10$xtGyoR0ftFnMffCECFJpCezH0wCcrs0Th4sDVkrKfEgo019TCECTe'),
(29, 'Annie', 'Leon', 'Contrôleur', '$2y$10$GvHu3a2QrEO8xAgQrVj9feRx4h.ntIppGspVKG05lWmccxbiWBBGy'),
(30, 'D', 'Nio', 'Utilisateur', '$2y$10$WwdXCYrFIwyeplJ8ylVn4OSCdtpqqQE.vmKB.u1FalVxiU5WHpZKG'),
(32, 'root', 'admin', 'Administrateur', '$2y$10$9mlKEYJvib1dE/IonBwq0uZxuV1jngyD9hqby6mKeJdP//Qk9er4u'),
(33, 'Kim', 'Ka', 'Utilisateur', '$2y$10$Qx1G7dCXze4LES0yEgocT.MTHLhehKNXFbkp1i9/dICVuZYNu3h9i'),
(35, 'Bil', '', 'Utilisateur', ''),
(36, 'Hhh', 'KKK', 'Utilisateur', ''),
(37, 'JJ', 'JJ', 'Utilisateur', ''),
(38, 'effe', 'eger', 'Utilisateur', ''),
(39, 'grger', '', 'Utilisateur', '$2y$10$xp/kZC2kHV9VuFiv43/Y9Oj2GOkqjRqHGZO5o.PDNCMr1Wqgbo4LK'),
(40, 'grg', 'ttttt', 'Utilisateur', ''),
(41, 'Arthur', 'Blood', 'Utilisateur', ''),
(42, 'egekgek', '', 'Utilisateur', '$2y$10$YGl/KPiA265v.Co3V43ymuVmh9zMERev9TWGkWwzlDB2AKXGt6INW'),
(43, 'fefee', 'fefe', 'Utilisateur', ''),
(45, 'Yun', 'Ou', 'Utilisateur', ''),
(46, 'ui', '', 'Utilisateur', '$2y$10$xzK1Q6hoZi8MdMaRdiDHbOhUTUN1CEZhdqOklvmsa.kFAIa1jBvyO'),
(47, 'gege', 'egee', 'Utilisateur', ''),
(48, 'erfef', 'fege', 'Utilisateur', ''),
(49, 'test', 'test', 'Utilisateur', '$2y$10$lDGqVPMYyDBoEqICZOmhN.eyU17hEuqpecvF1LVShCcqz8sx7kE6y'),
(50, 'Light', 'Dark', 'Utilisateur', '$2y$10$vWhcnRg7vN1VE5JzH6KqWOy0qlOuKKt4rAnUeXEmD4pbS/cCC8B.y'),
(51, 'Mel', 'On', 'Controleur', '$2y$10$uVcF6TDkc8qRvTmbR2UYNepvfeecph/sYrLziealspiQ6srZijrqC'),
(52, 'TTT', '420', 'Controleur', '$2y$10$Y5naOp7Zd10IdBuKtqbWaeayynM/X6/MT94nUkDyYeyqVA4g0X1Re'),
(53, 'Admin', 'Admin', 'Administrateur', '$2y$10$5BVZO38/Oabv7OyIptKyNOfAupvE2sB.Rpyu06L/6bNJf8ivxjAaG'),
(54, 'Simple', 'Uti', 'Utilisateur', '$2y$10$0ExO4rk.tRucZ9DU8/Nj0./13gBoTlb19iAhf2qTKHthITAN02pMi'),
(55, 'P', 'V', 'Controleur', '$2y$10$kZeJTxcCQ/37wiVuswJ.7OiJuhgPWiz83dRHjVPg5bawZak0tlOkK'),
(56, 'Yuri', 'On', 'Utilisateur', '$2y$10$gbAPUuWfC52yn1SKoULowu7osesLFhdWVCA8WU8iASn1MTVkX1OMy'),
(57, 'Marcel', 'Pin', 'Utilisateur', '$2y$10$GwpKEBflWSX2ITUbG9v52uiZ6GXSMnL9KU.2aw0qnlzychm0DSg16');
COMMIT;

/*!40101 SET CHARACTER_SET_CLIENT=@OLD_CHARACTER_SET_CLIENT */;
/*!40101 SET CHARACTER_SET_RESULTS=@OLD_CHARACTER_SET_RESULTS */;
/*!40101 SET COLLATION_CONNECTION=@OLD_COLLATION_CONNECTION */;
